solid OpenSCAD_Model
  facet normal -1 0 0
    outer loop
      vertex 0 0 0
      vertex 0 65 28
      vertex 0 65 0
    endloop
  endfacet
  facet normal -1 -0 0
    outer loop
      vertex 0 65 28
      vertex 0 0 0
      vertex 0 0 28
    endloop
  endfacet
  facet normal 0 0 1
    outer loop
      vertex 90 65 28
      vertex 88 63 28
      vertex 90 0 28
    endloop
  endfacet
  facet normal 0 0 1
    outer loop
      vertex 90 65 28
      vertex 2 63 28
      vertex 88 63 28
    endloop
  endfacet
  facet normal 0 0 1
    outer loop
      vertex 2 63 28
      vertex 0 65 28
      vertex 2 2 28
    endloop
  endfacet
  facet normal -0 0 1
    outer loop
      vertex 0 65 28
      vertex 2 63 28
      vertex 90 65 28
    endloop
  endfacet
  facet normal -0 0 1
    outer loop
      vertex 88 2 28
      vertex 90 0 28
      vertex 88 63 28
    endloop
  endfacet
  facet normal -0 0 1
    outer loop
      vertex 2 2 28
      vertex 90 0 28
      vertex 88 2 28
    endloop
  endfacet
  facet normal 0 0 1
    outer loop
      vertex 2 2 28
      vertex 0 0 28
      vertex 90 0 28
    endloop
  endfacet
  facet normal 0 0 1
    outer loop
      vertex 0 0 28
      vertex 2 2 28
      vertex 0 65 28
    endloop
  endfacet
  facet normal 1 -0 0
    outer loop
      vertex 90 0 28
      vertex 90 65 0
      vertex 90 65 28
    endloop
  endfacet
  facet normal 1 0 0
    outer loop
      vertex 90 65 0
      vertex 90 0 28
      vertex 90 0 0
    endloop
  endfacet
  facet normal 0 1 -0
    outer loop
      vertex 90 65 0
      vertex 0 65 28
      vertex 90 65 28
    endloop
  endfacet
  facet normal 0 1 0
    outer loop
      vertex 0 65 28
      vertex 90 65 0
      vertex 0 65 0
    endloop
  endfacet
  facet normal 0 0 -1
    outer loop
      vertex 0 0 0
      vertex 90 65 0
      vertex 90 0 0
    endloop
  endfacet
  facet normal -0 0 -1
    outer loop
      vertex 90 65 0
      vertex 0 0 0
      vertex 0 65 0
    endloop
  endfacet
  facet normal 0 -1 0
    outer loop
      vertex 0 0 0
      vertex 90 0 28
      vertex 0 0 28
    endloop
  endfacet
  facet normal 0 -1 -0
    outer loop
      vertex 90 0 28
      vertex 0 0 0
      vertex 90 0 0
    endloop
  endfacet
  facet normal 1 -0 0
    outer loop
      vertex 2 2 28
      vertex 2 63 2
      vertex 2 63 28
    endloop
  endfacet
  facet normal 1 0 0
    outer loop
      vertex 2 63 2
      vertex 2 2 28
      vertex 2 2 2
    endloop
  endfacet
  facet normal -1 0 0
    outer loop
      vertex 88 2 2
      vertex 88 63 28
      vertex 88 63 2
    endloop
  endfacet
  facet normal -1 -0 0
    outer loop
      vertex 88 63 28
      vertex 88 2 2
      vertex 88 2 28
    endloop
  endfacet
  facet normal 0 -1 0
    outer loop
      vertex 2 63 2
      vertex 88 63 28
      vertex 2 63 28
    endloop
  endfacet
  facet normal 0 -1 -0
    outer loop
      vertex 88 63 28
      vertex 2 63 2
      vertex 88 63 2
    endloop
  endfacet
  facet normal 0 0 1
    outer loop
      vertex 18.8221 55.4915 2
      vertex 71.1779 55.4915 2
      vertex 18.9564 55.7754 2
    endloop
  endfacet
  facet normal 0 0 1
    outer loop
      vertex 71.5264 10.0301 2
      vertex 19.1846 8.31365 2
      vertex 19.2 8 2
    endloop
  endfacet
  facet normal 0 0 1
    outer loop
      vertex 71.1779 55.4915 2
      vertex 18.8221 55.4915 2
      vertex 71.3393 55.2222 2
    endloop
  endfacet
  facet normal 0 0 1
    outer loop
      vertex 71.5264 10.0301 2
      vertex 19.1385 8.62429 2
      vertex 19.1846 8.31365 2
    endloop
  endfacet
  facet normal 0 0 1
    outer loop
      vertex 18.6607 55.2222 2
      vertex 71.3393 55.2222 2
      vertex 18.8221 55.4915 2
    endloop
  endfacet
  facet normal 0 0 1
    outer loop
      vertex 71.5264 10.0301 2
      vertex 19.0622 8.92891 2
      vertex 19.1385 8.62429 2
    endloop
  endfacet
  facet normal 0 0 1
    outer loop
      vertex 71.3393 55.2222 2
      vertex 18.6607 55.2222 2
      vertex 71.5264 54.9699 2
    endloop
  endfacet
  facet normal 0 0 1
    outer loop
      vertex 71.5264 10.0301 2
      vertex 18.9564 9.22459 2
      vertex 19.0622 8.92891 2
    endloop
  endfacet
  facet normal 0 0 1
    outer loop
      vertex 18.4736 54.9699 2
      vertex 71.5264 54.9699 2
      vertex 18.6607 55.2222 2
    endloop
  endfacet
  facet normal 0 0 1
    outer loop
      vertex 71.5264 10.0301 2
      vertex 18.8221 9.50847 2
      vertex 18.9564 9.22459 2
    endloop
  endfacet
  facet normal 0 0 1
    outer loop
      vertex 71.5264 54.9699 2
      vertex 18.4736 54.9699 2
      vertex 71.5264 10.0301 2
    endloop
  endfacet
  facet normal 0 0 1
    outer loop
      vertex 71.5264 10.0301 2
      vertex 18.6607 9.77782 2
      vertex 18.8221 9.50847 2
    endloop
  endfacet
  facet normal 0 0 1
    outer loop
      vertex 18.4736 10.0301 2
      vertex 71.5264 10.0301 2
      vertex 18.4736 54.9699 2
    endloop
  endfacet
  facet normal 0 0 1
    outer loop
      vertex 71.5264 10.0301 2
      vertex 18.4736 10.0301 2
      vertex 18.6607 9.77782 2
    endloop
  endfacet
  facet normal -0 0 1
    outer loop
      vertex 18.2627 54.7373 2
      vertex 18.4736 10.0301 2
      vertex 18.4736 54.9699 2
    endloop
  endfacet
  facet normal 0 0 1
    outer loop
      vertex 18.2627 54.7373 2
      vertex 18.2627 10.2627 2
      vertex 18.4736 10.0301 2
    endloop
  endfacet
  facet normal -0 0 1
    outer loop
      vertex 18.0301 54.5264 2
      vertex 18.2627 10.2627 2
      vertex 18.2627 54.7373 2
    endloop
  endfacet
  facet normal 0 0 1
    outer loop
      vertex 18.0301 54.5264 2
      vertex 18.0301 10.4736 2
      vertex 18.2627 10.2627 2
    endloop
  endfacet
  facet normal -0 0 1
    outer loop
      vertex 17.7778 54.3393 2
      vertex 18.0301 10.4736 2
      vertex 18.0301 54.5264 2
    endloop
  endfacet
  facet normal 0 0 1
    outer loop
      vertex 17.7778 54.3393 2
      vertex 17.7778 10.6607 2
      vertex 18.0301 10.4736 2
    endloop
  endfacet
  facet normal -0 0 1
    outer loop
      vertex 17.5085 54.1779 2
      vertex 17.7778 10.6607 2
      vertex 17.7778 54.3393 2
    endloop
  endfacet
  facet normal 0 0 1
    outer loop
      vertex 17.5085 54.1779 2
      vertex 17.5085 10.8221 2
      vertex 17.7778 10.6607 2
    endloop
  endfacet
  facet normal -0 0 1
    outer loop
      vertex 17.2246 54.0436 2
      vertex 17.5085 10.8221 2
      vertex 17.5085 54.1779 2
    endloop
  endfacet
  facet normal 0 0 1
    outer loop
      vertex 17.2246 54.0436 2
      vertex 17.2246 10.9564 2
      vertex 17.5085 10.8221 2
    endloop
  endfacet
  facet normal -0 0 1
    outer loop
      vertex 16.9289 53.9378 2
      vertex 17.2246 10.9564 2
      vertex 17.2246 54.0436 2
    endloop
  endfacet
  facet normal 0 0 1
    outer loop
      vertex 16.9289 53.9378 2
      vertex 16.9289 11.0622 2
      vertex 17.2246 10.9564 2
    endloop
  endfacet
  facet normal -0 0 1
    outer loop
      vertex 16.6243 53.8615 2
      vertex 16.9289 11.0622 2
      vertex 16.9289 53.9378 2
    endloop
  endfacet
  facet normal 0 0 1
    outer loop
      vertex 16.6243 53.8615 2
      vertex 16.6243 11.1385 2
      vertex 16.9289 11.0622 2
    endloop
  endfacet
  facet normal -0 0 1
    outer loop
      vertex 16.3137 53.8154 2
      vertex 16.6243 11.1385 2
      vertex 16.6243 53.8615 2
    endloop
  endfacet
  facet normal 0 0 1
    outer loop
      vertex 16.3137 53.8154 2
      vertex 16.3137 11.1846 2
      vertex 16.6243 11.1385 2
    endloop
  endfacet
  facet normal -0 0 1
    outer loop
      vertex 16 53.8 2
      vertex 16.3137 11.1846 2
      vertex 16.3137 53.8154 2
    endloop
  endfacet
  facet normal 0 0 1
    outer loop
      vertex 16 53.8 2
      vertex 16 11.2 2
      vertex 16.3137 11.1846 2
    endloop
  endfacet
  facet normal 0 0 1
    outer loop
      vertex 15.6863 53.8154 2
      vertex 16 11.2 2
      vertex 16 53.8 2
    endloop
  endfacet
  facet normal 0 0 1
    outer loop
      vertex 15.6863 53.8154 2
      vertex 15.6863 11.1846 2
      vertex 16 11.2 2
    endloop
  endfacet
  facet normal 0 0 1
    outer loop
      vertex 15.3757 53.8615 2
      vertex 15.6863 11.1846 2
      vertex 15.6863 53.8154 2
    endloop
  endfacet
  facet normal 0 0 1
    outer loop
      vertex 15.3757 53.8615 2
      vertex 15.3757 11.1385 2
      vertex 15.6863 11.1846 2
    endloop
  endfacet
  facet normal 0 0 1
    outer loop
      vertex 15.0711 53.9378 2
      vertex 15.3757 11.1385 2
      vertex 15.3757 53.8615 2
    endloop
  endfacet
  facet normal 0 0 1
    outer loop
      vertex 15.0711 53.9378 2
      vertex 15.0711 11.0622 2
      vertex 15.3757 11.1385 2
    endloop
  endfacet
  facet normal 0 0 1
    outer loop
      vertex 14.7754 54.0436 2
      vertex 15.0711 11.0622 2
      vertex 15.0711 53.9378 2
    endloop
  endfacet
  facet normal 0 0 1
    outer loop
      vertex 14.7754 54.0436 2
      vertex 14.7754 10.9564 2
      vertex 15.0711 11.0622 2
    endloop
  endfacet
  facet normal 0 0 1
    outer loop
      vertex 14.4915 54.1779 2
      vertex 14.7754 10.9564 2
      vertex 14.7754 54.0436 2
    endloop
  endfacet
  facet normal 0 0 1
    outer loop
      vertex 14.4915 54.1779 2
      vertex 14.4915 10.8221 2
      vertex 14.7754 10.9564 2
    endloop
  endfacet
  facet normal 0 0 1
    outer loop
      vertex 14.2222 54.3393 2
      vertex 14.4915 10.8221 2
      vertex 14.4915 54.1779 2
    endloop
  endfacet
  facet normal 0 0 1
    outer loop
      vertex 14.2222 54.3393 2
      vertex 14.2222 10.6607 2
      vertex 14.4915 10.8221 2
    endloop
  endfacet
  facet normal 0 0 1
    outer loop
      vertex 13.9699 54.5264 2
      vertex 14.2222 10.6607 2
      vertex 14.2222 54.3393 2
    endloop
  endfacet
  facet normal 0 0 1
    outer loop
      vertex 13.9699 54.5264 2
      vertex 13.9699 10.4736 2
      vertex 14.2222 10.6607 2
    endloop
  endfacet
  facet normal 0 0 1
    outer loop
      vertex 13.7373 54.7373 2
      vertex 13.9699 10.4736 2
      vertex 13.9699 54.5264 2
    endloop
  endfacet
  facet normal 0 0 1
    outer loop
      vertex 13.7373 54.7373 2
      vertex 13.7373 10.2627 2
      vertex 13.9699 10.4736 2
    endloop
  endfacet
  facet normal 0 0 1
    outer loop
      vertex 13.5264 54.9699 2
      vertex 13.7373 10.2627 2
      vertex 13.7373 54.7373 2
    endloop
  endfacet
  facet normal 0 0 1
    outer loop
      vertex 13.5264 54.9699 2
      vertex 13.5264 10.0301 2
      vertex 13.7373 10.2627 2
    endloop
  endfacet
  facet normal 0 0 1
    outer loop
      vertex 2 63 2
      vertex 13.5264 54.9699 2
      vertex 13.3393 55.2222 2
    endloop
  endfacet
  facet normal 0 0 1
    outer loop
      vertex 13.5264 54.9699 2
      vertex 2 63 2
      vertex 13.5264 10.0301 2
    endloop
  endfacet
  facet normal 0 0 1
    outer loop
      vertex 2 63 2
      vertex 13.3393 55.2222 2
      vertex 13.1779 55.4915 2
    endloop
  endfacet
  facet normal 0 0 1
    outer loop
      vertex 2 2 2
      vertex 13.5264 10.0301 2
      vertex 2 63 2
    endloop
  endfacet
  facet normal 0 0 1
    outer loop
      vertex 2 63 2
      vertex 13.1779 55.4915 2
      vertex 13.0436 55.7754 2
    endloop
  endfacet
  facet normal 0 0 1
    outer loop
      vertex 13.5264 10.0301 2
      vertex 2 2 2
      vertex 13.3393 9.77782 2
    endloop
  endfacet
  facet normal 0 0 1
    outer loop
      vertex 2 63 2
      vertex 13.0436 55.7754 2
      vertex 12.9378 56.0711 2
    endloop
  endfacet
  facet normal 0 0 1
    outer loop
      vertex 13.3393 9.77782 2
      vertex 2 2 2
      vertex 13.1779 9.50847 2
    endloop
  endfacet
  facet normal 0 0 1
    outer loop
      vertex 2 63 2
      vertex 12.9378 56.0711 2
      vertex 12.8615 56.3757 2
    endloop
  endfacet
  facet normal 0 0 1
    outer loop
      vertex 13.1779 9.50847 2
      vertex 2 2 2
      vertex 13.0436 9.22459 2
    endloop
  endfacet
  facet normal 0 0 1
    outer loop
      vertex 2 63 2
      vertex 12.8615 56.3757 2
      vertex 12.8154 56.6863 2
    endloop
  endfacet
  facet normal 0 0 1
    outer loop
      vertex 13.0436 9.22459 2
      vertex 2 2 2
      vertex 12.9378 8.92891 2
    endloop
  endfacet
  facet normal 0 0 1
    outer loop
      vertex 2 63 2
      vertex 12.8154 56.6863 2
      vertex 12.8 57 2
    endloop
  endfacet
  facet normal 0 0 1
    outer loop
      vertex 12.9378 8.92891 2
      vertex 2 2 2
      vertex 12.8615 8.62429 2
    endloop
  endfacet
  facet normal 0 0 1
    outer loop
      vertex 77.0622 56.0711 2
      vertex 88 63 2
      vertex 77.1385 56.3757 2
    endloop
  endfacet
  facet normal 0 0 1
    outer loop
      vertex 88 2 2
      vertex 77.1846 8.31365 2
      vertex 77.2 8 2
    endloop
  endfacet
  facet normal 0 0 1
    outer loop
      vertex 76.9564 55.7754 2
      vertex 88 63 2
      vertex 77.0622 56.0711 2
    endloop
  endfacet
  facet normal 0 0 1
    outer loop
      vertex 88 2 2
      vertex 77.1385 8.62429 2
      vertex 77.1846 8.31365 2
    endloop
  endfacet
  facet normal 0 0 1
    outer loop
      vertex 76.8221 55.4915 2
      vertex 88 63 2
      vertex 76.9564 55.7754 2
    endloop
  endfacet
  facet normal 0 0 1
    outer loop
      vertex 88 2 2
      vertex 77.0622 8.92891 2
      vertex 77.1385 8.62429 2
    endloop
  endfacet
  facet normal 0 0 1
    outer loop
      vertex 76.6607 55.2222 2
      vertex 88 63 2
      vertex 76.8221 55.4915 2
    endloop
  endfacet
  facet normal 0 0 1
    outer loop
      vertex 88 2 2
      vertex 76.9564 9.22459 2
      vertex 77.0622 8.92891 2
    endloop
  endfacet
  facet normal 0 0 1
    outer loop
      vertex 76.4736 54.9699 2
      vertex 88 63 2
      vertex 76.6607 55.2222 2
    endloop
  endfacet
  facet normal 0 0 1
    outer loop
      vertex 88 2 2
      vertex 76.8221 9.50847 2
      vertex 76.9564 9.22459 2
    endloop
  endfacet
  facet normal 0 0 1
    outer loop
      vertex 88 63 2
      vertex 76.4736 54.9699 2
      vertex 88 2 2
    endloop
  endfacet
  facet normal 0 0 1
    outer loop
      vertex 88 2 2
      vertex 76.6607 9.77782 2
      vertex 76.8221 9.50847 2
    endloop
  endfacet
  facet normal -0 0 1
    outer loop
      vertex 76.4736 10.0301 2
      vertex 88 2 2
      vertex 76.4736 54.9699 2
    endloop
  endfacet
  facet normal 0 0 1
    outer loop
      vertex 88 2 2
      vertex 76.4736 10.0301 2
      vertex 76.6607 9.77782 2
    endloop
  endfacet
  facet normal -0 0 1
    outer loop
      vertex 76.2627 54.7373 2
      vertex 76.4736 10.0301 2
      vertex 76.4736 54.9699 2
    endloop
  endfacet
  facet normal 0 0 1
    outer loop
      vertex 76.2627 54.7373 2
      vertex 76.2627 10.2627 2
      vertex 76.4736 10.0301 2
    endloop
  endfacet
  facet normal -0 0 1
    outer loop
      vertex 76.0301 54.5264 2
      vertex 76.2627 10.2627 2
      vertex 76.2627 54.7373 2
    endloop
  endfacet
  facet normal 0 0 1
    outer loop
      vertex 76.0301 54.5264 2
      vertex 76.0301 10.4736 2
      vertex 76.2627 10.2627 2
    endloop
  endfacet
  facet normal -0 0 1
    outer loop
      vertex 75.7778 54.3393 2
      vertex 76.0301 10.4736 2
      vertex 76.0301 54.5264 2
    endloop
  endfacet
  facet normal 0 0 1
    outer loop
      vertex 75.7778 54.3393 2
      vertex 75.7778 10.6607 2
      vertex 76.0301 10.4736 2
    endloop
  endfacet
  facet normal -0 0 1
    outer loop
      vertex 75.5085 54.1779 2
      vertex 75.7778 10.6607 2
      vertex 75.7778 54.3393 2
    endloop
  endfacet
  facet normal 0 0 1
    outer loop
      vertex 75.5085 54.1779 2
      vertex 75.5085 10.8221 2
      vertex 75.7778 10.6607 2
    endloop
  endfacet
  facet normal -0 0 1
    outer loop
      vertex 75.2246 54.0436 2
      vertex 75.5085 10.8221 2
      vertex 75.5085 54.1779 2
    endloop
  endfacet
  facet normal 0 0 1
    outer loop
      vertex 75.2246 54.0436 2
      vertex 75.2246 10.9564 2
      vertex 75.5085 10.8221 2
    endloop
  endfacet
  facet normal -0 0 1
    outer loop
      vertex 74.9289 53.9378 2
      vertex 75.2246 10.9564 2
      vertex 75.2246 54.0436 2
    endloop
  endfacet
  facet normal 0 0 1
    outer loop
      vertex 74.9289 53.9378 2
      vertex 74.9289 11.0622 2
      vertex 75.2246 10.9564 2
    endloop
  endfacet
  facet normal -0 0 1
    outer loop
      vertex 74.6243 53.8615 2
      vertex 74.9289 11.0622 2
      vertex 74.9289 53.9378 2
    endloop
  endfacet
  facet normal 0 0 1
    outer loop
      vertex 74.6243 53.8615 2
      vertex 74.6243 11.1385 2
      vertex 74.9289 11.0622 2
    endloop
  endfacet
  facet normal -0 0 1
    outer loop
      vertex 74.3137 53.8154 2
      vertex 74.6243 11.1385 2
      vertex 74.6243 53.8615 2
    endloop
  endfacet
  facet normal 0 0 1
    outer loop
      vertex 74.3137 53.8154 2
      vertex 74.3137 11.1846 2
      vertex 74.6243 11.1385 2
    endloop
  endfacet
  facet normal -0 0 1
    outer loop
      vertex 74 53.8 2
      vertex 74.3137 11.1846 2
      vertex 74.3137 53.8154 2
    endloop
  endfacet
  facet normal 0 0 1
    outer loop
      vertex 74 53.8 2
      vertex 74 11.2 2
      vertex 74.3137 11.1846 2
    endloop
  endfacet
  facet normal 0 0 1
    outer loop
      vertex 73.6863 53.8154 2
      vertex 74 11.2 2
      vertex 74 53.8 2
    endloop
  endfacet
  facet normal 0 0 1
    outer loop
      vertex 73.6863 53.8154 2
      vertex 73.6863 11.1846 2
      vertex 74 11.2 2
    endloop
  endfacet
  facet normal 0 0 1
    outer loop
      vertex 73.3757 53.8615 2
      vertex 73.6863 11.1846 2
      vertex 73.6863 53.8154 2
    endloop
  endfacet
  facet normal 0 0 1
    outer loop
      vertex 73.3757 53.8615 2
      vertex 73.3757 11.1385 2
      vertex 73.6863 11.1846 2
    endloop
  endfacet
  facet normal 0 0 1
    outer loop
      vertex 73.0711 53.9378 2
      vertex 73.3757 11.1385 2
      vertex 73.3757 53.8615 2
    endloop
  endfacet
  facet normal 0 0 1
    outer loop
      vertex 73.0711 53.9378 2
      vertex 73.0711 11.0622 2
      vertex 73.3757 11.1385 2
    endloop
  endfacet
  facet normal 0 0 1
    outer loop
      vertex 72.7754 54.0436 2
      vertex 73.0711 11.0622 2
      vertex 73.0711 53.9378 2
    endloop
  endfacet
  facet normal 0 0 1
    outer loop
      vertex 72.7754 54.0436 2
      vertex 72.7754 10.9564 2
      vertex 73.0711 11.0622 2
    endloop
  endfacet
  facet normal 0 0 1
    outer loop
      vertex 72.4915 54.1779 2
      vertex 72.7754 10.9564 2
      vertex 72.7754 54.0436 2
    endloop
  endfacet
  facet normal 0 0 1
    outer loop
      vertex 72.4915 54.1779 2
      vertex 72.4915 10.8221 2
      vertex 72.7754 10.9564 2
    endloop
  endfacet
  facet normal 0 0 1
    outer loop
      vertex 72.2222 54.3393 2
      vertex 72.4915 10.8221 2
      vertex 72.4915 54.1779 2
    endloop
  endfacet
  facet normal 0 0 1
    outer loop
      vertex 72.2222 54.3393 2
      vertex 72.2222 10.6607 2
      vertex 72.4915 10.8221 2
    endloop
  endfacet
  facet normal 0 0 1
    outer loop
      vertex 71.9699 54.5264 2
      vertex 72.2222 10.6607 2
      vertex 72.2222 54.3393 2
    endloop
  endfacet
  facet normal 0 0 1
    outer loop
      vertex 71.9699 54.5264 2
      vertex 71.9699 10.4736 2
      vertex 72.2222 10.6607 2
    endloop
  endfacet
  facet normal 0 0 1
    outer loop
      vertex 71.7373 54.7373 2
      vertex 71.9699 10.4736 2
      vertex 71.9699 54.5264 2
    endloop
  endfacet
  facet normal 0 0 1
    outer loop
      vertex 71.7373 54.7373 2
      vertex 71.7373 10.2627 2
      vertex 71.9699 10.4736 2
    endloop
  endfacet
  facet normal 0 0 1
    outer loop
      vertex 71.5264 54.9699 2
      vertex 71.7373 10.2627 2
      vertex 71.7373 54.7373 2
    endloop
  endfacet
  facet normal 0 0 1
    outer loop
      vertex 71.5264 54.9699 2
      vertex 71.5264 10.0301 2
      vertex 71.7373 10.2627 2
    endloop
  endfacet
  facet normal 0 0 1
    outer loop
      vertex 70.9378 56.0711 2
      vertex 19.0622 56.0711 2
      vertex 71.0436 55.7754 2
    endloop
  endfacet
  facet normal 0 0 1
    outer loop
      vertex 18.9564 55.7754 2
      vertex 71.0436 55.7754 2
      vertex 19.0622 56.0711 2
    endloop
  endfacet
  facet normal 0 0 1
    outer loop
      vertex 19.0622 56.0711 2
      vertex 70.9378 56.0711 2
      vertex 19.1385 56.3757 2
    endloop
  endfacet
  facet normal 0 0 1
    outer loop
      vertex 71.0436 55.7754 2
      vertex 18.9564 55.7754 2
      vertex 71.1779 55.4915 2
    endloop
  endfacet
  facet normal 0 0 1
    outer loop
      vertex 70.8615 56.3757 2
      vertex 19.1385 56.3757 2
      vertex 70.9378 56.0711 2
    endloop
  endfacet
  facet normal 0 0 1
    outer loop
      vertex 71.5264 10.0301 2
      vertex 19.2 8 2
      vertex 71.3393 9.77782 2
    endloop
  endfacet
  facet normal 0 0 1
    outer loop
      vertex 19.1385 56.3757 2
      vertex 70.8615 56.3757 2
      vertex 19.1846 56.6863 2
    endloop
  endfacet
  facet normal 0 0 1
    outer loop
      vertex 71.3393 9.77782 2
      vertex 19.2 8 2
      vertex 71.1779 9.50847 2
    endloop
  endfacet
  facet normal 0 0 1
    outer loop
      vertex 70.8154 56.6863 2
      vertex 19.1846 56.6863 2
      vertex 70.8615 56.3757 2
    endloop
  endfacet
  facet normal 0 0 1
    outer loop
      vertex 71.1779 9.50847 2
      vertex 19.2 8 2
      vertex 71.0436 9.22459 2
    endloop
  endfacet
  facet normal 0 0 1
    outer loop
      vertex 19.1846 56.6863 2
      vertex 70.8154 56.6863 2
      vertex 19.2 57 2
    endloop
  endfacet
  facet normal 0 0 1
    outer loop
      vertex 71.0436 9.22459 2
      vertex 19.2 8 2
      vertex 70.9378 8.92891 2
    endloop
  endfacet
  facet normal -0 0 1
    outer loop
      vertex 19.2 57 2
      vertex 70.8154 56.6863 2
      vertex 70.8 57 2
    endloop
  endfacet
  facet normal 0 0 1
    outer loop
      vertex 70.9378 8.92891 2
      vertex 19.2 8 2
      vertex 70.8615 8.62429 2
    endloop
  endfacet
  facet normal 0 0 1
    outer loop
      vertex 77.1846 56.6863 2
      vertex 88 63 2
      vertex 77.2 57 2
    endloop
  endfacet
  facet normal 0 0 1
    outer loop
      vertex 88 63 2
      vertex 77.1846 57.3137 2
      vertex 77.2 57 2
    endloop
  endfacet
  facet normal 0 0 1
    outer loop
      vertex 88 63 2
      vertex 77.1385 57.6243 2
      vertex 77.1846 57.3137 2
    endloop
  endfacet
  facet normal 0 0 1
    outer loop
      vertex 88 63 2
      vertex 77.0622 57.9289 2
      vertex 77.1385 57.6243 2
    endloop
  endfacet
  facet normal 0 0 1
    outer loop
      vertex 88 63 2
      vertex 76.9564 58.2246 2
      vertex 77.0622 57.9289 2
    endloop
  endfacet
  facet normal 0 0 1
    outer loop
      vertex 88 63 2
      vertex 76.8221 58.5085 2
      vertex 76.9564 58.2246 2
    endloop
  endfacet
  facet normal 0 0 1
    outer loop
      vertex 88 63 2
      vertex 76.6607 58.7778 2
      vertex 76.8221 58.5085 2
    endloop
  endfacet
  facet normal 0 0 1
    outer loop
      vertex 88 63 2
      vertex 76.4736 59.0301 2
      vertex 76.6607 58.7778 2
    endloop
  endfacet
  facet normal 0 0 1
    outer loop
      vertex 88 63 2
      vertex 76.2627 59.2627 2
      vertex 76.4736 59.0301 2
    endloop
  endfacet
  facet normal 0 0 1
    outer loop
      vertex 88 63 2
      vertex 76.0301 59.4736 2
      vertex 76.2627 59.2627 2
    endloop
  endfacet
  facet normal 0 0 1
    outer loop
      vertex 88 63 2
      vertex 75.7778 59.6607 2
      vertex 76.0301 59.4736 2
    endloop
  endfacet
  facet normal 0 0 1
    outer loop
      vertex 88 63 2
      vertex 75.5085 59.8221 2
      vertex 75.7778 59.6607 2
    endloop
  endfacet
  facet normal 0 0 1
    outer loop
      vertex 88 63 2
      vertex 75.2246 59.9564 2
      vertex 75.5085 59.8221 2
    endloop
  endfacet
  facet normal 0 0 1
    outer loop
      vertex 88 63 2
      vertex 74.9289 60.0622 2
      vertex 75.2246 59.9564 2
    endloop
  endfacet
  facet normal 0 0 1
    outer loop
      vertex 88 63 2
      vertex 74.6243 60.1385 2
      vertex 74.9289 60.0622 2
    endloop
  endfacet
  facet normal 0 0 1
    outer loop
      vertex 88 63 2
      vertex 74.3137 60.1846 2
      vertex 74.6243 60.1385 2
    endloop
  endfacet
  facet normal 0 0 1
    outer loop
      vertex 88 63 2
      vertex 74 60.2 2
      vertex 74.3137 60.1846 2
    endloop
  endfacet
  facet normal 0 0 1
    outer loop
      vertex 88 63 2
      vertex 73.6863 60.1846 2
      vertex 74 60.2 2
    endloop
  endfacet
  facet normal 0 0 1
    outer loop
      vertex 88 63 2
      vertex 73.3757 60.1385 2
      vertex 73.6863 60.1846 2
    endloop
  endfacet
  facet normal 0 0 1
    outer loop
      vertex 70.8615 8.62429 2
      vertex 19.2 8 2
      vertex 70.8154 8.31365 2
    endloop
  endfacet
  facet normal 0 0 1
    outer loop
      vertex 70.8154 57.3137 2
      vertex 19.2 57 2
      vertex 70.8 57 2
    endloop
  endfacet
  facet normal 0 0 1
    outer loop
      vertex 19.1846 57.3137 2
      vertex 70.8154 57.3137 2
      vertex 70.8615 57.6243 2
    endloop
  endfacet
  facet normal 0 0 1
    outer loop
      vertex 19.1385 57.6243 2
      vertex 70.8615 57.6243 2
      vertex 70.9378 57.9289 2
    endloop
  endfacet
  facet normal 0 0 1
    outer loop
      vertex 19.0622 57.9289 2
      vertex 70.9378 57.9289 2
      vertex 71.0436 58.2246 2
    endloop
  endfacet
  facet normal 0 0 1
    outer loop
      vertex 18.9564 58.2246 2
      vertex 71.0436 58.2246 2
      vertex 71.1779 58.5085 2
    endloop
  endfacet
  facet normal 0 0 1
    outer loop
      vertex 18.8221 58.5085 2
      vertex 71.1779 58.5085 2
      vertex 71.3393 58.7778 2
    endloop
  endfacet
  facet normal 0 0 1
    outer loop
      vertex 18.6607 58.7778 2
      vertex 71.3393 58.7778 2
      vertex 71.5264 59.0301 2
    endloop
  endfacet
  facet normal 0 0 1
    outer loop
      vertex 18.4736 59.0301 2
      vertex 71.5264 59.0301 2
      vertex 71.7373 59.2627 2
    endloop
  endfacet
  facet normal 0 0 1
    outer loop
      vertex 18.2627 59.2627 2
      vertex 71.7373 59.2627 2
      vertex 71.9699 59.4736 2
    endloop
  endfacet
  facet normal 0 0 1
    outer loop
      vertex 18.0301 59.4736 2
      vertex 71.9699 59.4736 2
      vertex 72.2222 59.6607 2
    endloop
  endfacet
  facet normal 0 0 1
    outer loop
      vertex 17.7778 59.6607 2
      vertex 72.2222 59.6607 2
      vertex 72.4915 59.8221 2
    endloop
  endfacet
  facet normal 0 0 1
    outer loop
      vertex 17.5085 59.8221 2
      vertex 72.4915 59.8221 2
      vertex 72.7754 59.9564 2
    endloop
  endfacet
  facet normal 0 0 1
    outer loop
      vertex 17.2246 59.9564 2
      vertex 72.7754 59.9564 2
      vertex 73.0711 60.0622 2
    endloop
  endfacet
  facet normal 0 0 1
    outer loop
      vertex 16.9289 60.0622 2
      vertex 73.0711 60.0622 2
      vertex 73.3757 60.1385 2
    endloop
  endfacet
  facet normal 0 0 1
    outer loop
      vertex 16.6243 60.1385 2
      vertex 73.3757 60.1385 2
      vertex 88 63 2
    endloop
  endfacet
  facet normal 0 0 1
    outer loop
      vertex 70.8154 57.3137 2
      vertex 19.1846 57.3137 2
      vertex 19.2 57 2
    endloop
  endfacet
  facet normal 0 0 1
    outer loop
      vertex 70.8615 57.6243 2
      vertex 19.1385 57.6243 2
      vertex 19.1846 57.3137 2
    endloop
  endfacet
  facet normal 0 0 1
    outer loop
      vertex 70.9378 57.9289 2
      vertex 19.0622 57.9289 2
      vertex 19.1385 57.6243 2
    endloop
  endfacet
  facet normal 0 0 1
    outer loop
      vertex 71.0436 58.2246 2
      vertex 18.9564 58.2246 2
      vertex 19.0622 57.9289 2
    endloop
  endfacet
  facet normal 0 0 1
    outer loop
      vertex 71.1779 58.5085 2
      vertex 18.8221 58.5085 2
      vertex 18.9564 58.2246 2
    endloop
  endfacet
  facet normal 0 0 1
    outer loop
      vertex 71.3393 58.7778 2
      vertex 18.6607 58.7778 2
      vertex 18.8221 58.5085 2
    endloop
  endfacet
  facet normal 0 0 1
    outer loop
      vertex 71.5264 59.0301 2
      vertex 18.4736 59.0301 2
      vertex 18.6607 58.7778 2
    endloop
  endfacet
  facet normal 0 0 1
    outer loop
      vertex 71.7373 59.2627 2
      vertex 18.2627 59.2627 2
      vertex 18.4736 59.0301 2
    endloop
  endfacet
  facet normal 0 0 1
    outer loop
      vertex 71.9699 59.4736 2
      vertex 18.0301 59.4736 2
      vertex 18.2627 59.2627 2
    endloop
  endfacet
  facet normal 0 0 1
    outer loop
      vertex 72.2222 59.6607 2
      vertex 17.7778 59.6607 2
      vertex 18.0301 59.4736 2
    endloop
  endfacet
  facet normal 0 0 1
    outer loop
      vertex 72.4915 59.8221 2
      vertex 17.5085 59.8221 2
      vertex 17.7778 59.6607 2
    endloop
  endfacet
  facet normal 0 0 1
    outer loop
      vertex 72.7754 59.9564 2
      vertex 17.2246 59.9564 2
      vertex 17.5085 59.8221 2
    endloop
  endfacet
  facet normal 0 0 1
    outer loop
      vertex 73.0711 60.0622 2
      vertex 16.9289 60.0622 2
      vertex 17.2246 59.9564 2
    endloop
  endfacet
  facet normal 0 0 1
    outer loop
      vertex 73.3757 60.1385 2
      vertex 16.6243 60.1385 2
      vertex 16.9289 60.0622 2
    endloop
  endfacet
  facet normal 0 0 1
    outer loop
      vertex 88 63 2
      vertex 16.3137 60.1846 2
      vertex 16.6243 60.1385 2
    endloop
  endfacet
  facet normal -0 0 1
    outer loop
      vertex 2 63 2
      vertex 16.3137 60.1846 2
      vertex 88 63 2
    endloop
  endfacet
  facet normal 0 0 1
    outer loop
      vertex 12.8615 8.62429 2
      vertex 2 2 2
      vertex 12.8154 8.31365 2
    endloop
  endfacet
  facet normal 0 0 1
    outer loop
      vertex 12.8154 57.3137 2
      vertex 2 63 2
      vertex 12.8 57 2
    endloop
  endfacet
  facet normal 0 0 1
    outer loop
      vertex 12.8615 57.6243 2
      vertex 2 63 2
      vertex 12.8154 57.3137 2
    endloop
  endfacet
  facet normal 0 0 1
    outer loop
      vertex 12.9378 57.9289 2
      vertex 2 63 2
      vertex 12.8615 57.6243 2
    endloop
  endfacet
  facet normal 0 0 1
    outer loop
      vertex 13.0436 58.2246 2
      vertex 2 63 2
      vertex 12.9378 57.9289 2
    endloop
  endfacet
  facet normal 0 0 1
    outer loop
      vertex 13.1779 58.5085 2
      vertex 2 63 2
      vertex 13.0436 58.2246 2
    endloop
  endfacet
  facet normal 0 0 1
    outer loop
      vertex 13.3393 58.7778 2
      vertex 2 63 2
      vertex 13.1779 58.5085 2
    endloop
  endfacet
  facet normal 0 0 1
    outer loop
      vertex 13.5264 59.0301 2
      vertex 2 63 2
      vertex 13.3393 58.7778 2
    endloop
  endfacet
  facet normal 0 0 1
    outer loop
      vertex 13.7373 59.2627 2
      vertex 2 63 2
      vertex 13.5264 59.0301 2
    endloop
  endfacet
  facet normal 0 0 1
    outer loop
      vertex 13.9699 59.4736 2
      vertex 2 63 2
      vertex 13.7373 59.2627 2
    endloop
  endfacet
  facet normal 0 0 1
    outer loop
      vertex 14.2222 59.6607 2
      vertex 2 63 2
      vertex 13.9699 59.4736 2
    endloop
  endfacet
  facet normal 0 0 1
    outer loop
      vertex 14.4915 59.8221 2
      vertex 2 63 2
      vertex 14.2222 59.6607 2
    endloop
  endfacet
  facet normal 0 0 1
    outer loop
      vertex 14.7754 59.9564 2
      vertex 2 63 2
      vertex 14.4915 59.8221 2
    endloop
  endfacet
  facet normal 0 0 1
    outer loop
      vertex 15.0711 60.0622 2
      vertex 2 63 2
      vertex 14.7754 59.9564 2
    endloop
  endfacet
  facet normal 0 0 1
    outer loop
      vertex 15.3757 60.1385 2
      vertex 2 63 2
      vertex 15.0711 60.0622 2
    endloop
  endfacet
  facet normal 0 0 1
    outer loop
      vertex 15.6863 60.1846 2
      vertex 2 63 2
      vertex 15.3757 60.1385 2
    endloop
  endfacet
  facet normal 0 0 1
    outer loop
      vertex 16 60.2 2
      vertex 2 63 2
      vertex 15.6863 60.1846 2
    endloop
  endfacet
  facet normal 0 0 1
    outer loop
      vertex 16.3137 60.1846 2
      vertex 2 63 2
      vertex 16 60.2 2
    endloop
  endfacet
  facet normal 0 0 1
    outer loop
      vertex 77.1385 56.3757 2
      vertex 88 63 2
      vertex 77.1846 56.6863 2
    endloop
  endfacet
  facet normal -0 0 1
    outer loop
      vertex 77.1846 7.68635 2
      vertex 88 2 2
      vertex 77.2 8 2
    endloop
  endfacet
  facet normal -0 0 1
    outer loop
      vertex 77.1385 7.37571 2
      vertex 88 2 2
      vertex 77.1846 7.68635 2
    endloop
  endfacet
  facet normal -0 0 1
    outer loop
      vertex 77.0622 7.07109 2
      vertex 88 2 2
      vertex 77.1385 7.37571 2
    endloop
  endfacet
  facet normal -0 0 1
    outer loop
      vertex 76.9564 6.77541 2
      vertex 88 2 2
      vertex 77.0622 7.07109 2
    endloop
  endfacet
  facet normal -0 0 1
    outer loop
      vertex 76.8221 6.49153 2
      vertex 88 2 2
      vertex 76.9564 6.77541 2
    endloop
  endfacet
  facet normal -0 0 1
    outer loop
      vertex 76.6607 6.22218 2
      vertex 88 2 2
      vertex 76.8221 6.49153 2
    endloop
  endfacet
  facet normal -0 0 1
    outer loop
      vertex 76.4736 5.96994 2
      vertex 88 2 2
      vertex 76.6607 6.22218 2
    endloop
  endfacet
  facet normal -0 0 1
    outer loop
      vertex 76.2627 5.73726 2
      vertex 88 2 2
      vertex 76.4736 5.96994 2
    endloop
  endfacet
  facet normal -0 0 1
    outer loop
      vertex 76.0301 5.52637 2
      vertex 88 2 2
      vertex 76.2627 5.73726 2
    endloop
  endfacet
  facet normal -0 0 1
    outer loop
      vertex 75.7778 5.3393 2
      vertex 88 2 2
      vertex 76.0301 5.52637 2
    endloop
  endfacet
  facet normal -0 0 1
    outer loop
      vertex 75.5085 5.17785 2
      vertex 88 2 2
      vertex 75.7778 5.3393 2
    endloop
  endfacet
  facet normal -0 0 1
    outer loop
      vertex 75.2246 5.04359 2
      vertex 88 2 2
      vertex 75.5085 5.17785 2
    endloop
  endfacet
  facet normal -0 0 1
    outer loop
      vertex 74.9289 4.93779 2
      vertex 88 2 2
      vertex 75.2246 5.04359 2
    endloop
  endfacet
  facet normal -0 0 1
    outer loop
      vertex 74.6243 4.86149 2
      vertex 88 2 2
      vertex 74.9289 4.93779 2
    endloop
  endfacet
  facet normal -0 0 1
    outer loop
      vertex 74.3137 4.81541 2
      vertex 88 2 2
      vertex 74.6243 4.86149 2
    endloop
  endfacet
  facet normal -0 0 1
    outer loop
      vertex 74 4.8 2
      vertex 88 2 2
      vertex 74.3137 4.81541 2
    endloop
  endfacet
  facet normal 0 0 1
    outer loop
      vertex 73.6863 4.81541 2
      vertex 88 2 2
      vertex 74 4.8 2
    endloop
  endfacet
  facet normal 0 0 1
    outer loop
      vertex 73.3757 4.86149 2
      vertex 88 2 2
      vertex 73.6863 4.81541 2
    endloop
  endfacet
  facet normal 0 0 1
    outer loop
      vertex 70.8154 8.31365 2
      vertex 19.2 8 2
      vertex 70.8 8 2
    endloop
  endfacet
  facet normal 0 0 1
    outer loop
      vertex 70.8 8 2
      vertex 19.2 8 2
      vertex 70.8154 7.68635 2
    endloop
  endfacet
  facet normal 0 0 1
    outer loop
      vertex 19.1846 7.68635 2
      vertex 70.8154 7.68635 2
      vertex 19.2 8 2
    endloop
  endfacet
  facet normal 0 0 1
    outer loop
      vertex 70.8154 7.68635 2
      vertex 19.1846 7.68635 2
      vertex 70.8615 7.37571 2
    endloop
  endfacet
  facet normal 0 0 1
    outer loop
      vertex 19.1385 7.37571 2
      vertex 70.8615 7.37571 2
      vertex 19.1846 7.68635 2
    endloop
  endfacet
  facet normal 0 0 1
    outer loop
      vertex 70.8615 7.37571 2
      vertex 19.1385 7.37571 2
      vertex 70.9378 7.07109 2
    endloop
  endfacet
  facet normal 0 0 1
    outer loop
      vertex 19.0622 7.07109 2
      vertex 70.9378 7.07109 2
      vertex 19.1385 7.37571 2
    endloop
  endfacet
  facet normal 0 0 1
    outer loop
      vertex 70.9378 7.07109 2
      vertex 19.0622 7.07109 2
      vertex 71.0436 6.77541 2
    endloop
  endfacet
  facet normal 0 0 1
    outer loop
      vertex 18.9564 6.77541 2
      vertex 71.0436 6.77541 2
      vertex 19.0622 7.07109 2
    endloop
  endfacet
  facet normal 0 0 1
    outer loop
      vertex 71.0436 6.77541 2
      vertex 18.9564 6.77541 2
      vertex 71.1779 6.49153 2
    endloop
  endfacet
  facet normal 0 0 1
    outer loop
      vertex 18.8221 6.49153 2
      vertex 71.1779 6.49153 2
      vertex 18.9564 6.77541 2
    endloop
  endfacet
  facet normal 0 0 1
    outer loop
      vertex 71.1779 6.49153 2
      vertex 18.8221 6.49153 2
      vertex 71.3393 6.22218 2
    endloop
  endfacet
  facet normal 0 0 1
    outer loop
      vertex 18.6607 6.22218 2
      vertex 71.3393 6.22218 2
      vertex 18.8221 6.49153 2
    endloop
  endfacet
  facet normal 0 0 1
    outer loop
      vertex 71.3393 6.22218 2
      vertex 18.6607 6.22218 2
      vertex 71.5264 5.96994 2
    endloop
  endfacet
  facet normal 0 0 1
    outer loop
      vertex 18.4736 5.96994 2
      vertex 71.5264 5.96994 2
      vertex 18.6607 6.22218 2
    endloop
  endfacet
  facet normal 0 0 1
    outer loop
      vertex 71.5264 5.96994 2
      vertex 18.4736 5.96994 2
      vertex 71.7373 5.73726 2
    endloop
  endfacet
  facet normal 0 0 1
    outer loop
      vertex 18.2627 5.73726 2
      vertex 71.7373 5.73726 2
      vertex 18.4736 5.96994 2
    endloop
  endfacet
  facet normal 0 0 1
    outer loop
      vertex 71.7373 5.73726 2
      vertex 18.2627 5.73726 2
      vertex 71.9699 5.52637 2
    endloop
  endfacet
  facet normal 0 0 1
    outer loop
      vertex 18.0301 5.52637 2
      vertex 71.9699 5.52637 2
      vertex 18.2627 5.73726 2
    endloop
  endfacet
  facet normal 0 0 1
    outer loop
      vertex 71.9699 5.52637 2
      vertex 18.0301 5.52637 2
      vertex 72.2222 5.3393 2
    endloop
  endfacet
  facet normal 0 0 1
    outer loop
      vertex 17.7778 5.3393 2
      vertex 72.2222 5.3393 2
      vertex 18.0301 5.52637 2
    endloop
  endfacet
  facet normal 0 0 1
    outer loop
      vertex 72.2222 5.3393 2
      vertex 17.7778 5.3393 2
      vertex 72.4915 5.17785 2
    endloop
  endfacet
  facet normal 0 0 1
    outer loop
      vertex 17.5085 5.17785 2
      vertex 72.4915 5.17785 2
      vertex 17.7778 5.3393 2
    endloop
  endfacet
  facet normal 0 0 1
    outer loop
      vertex 72.4915 5.17785 2
      vertex 17.5085 5.17785 2
      vertex 72.7754 5.04359 2
    endloop
  endfacet
  facet normal 0 0 1
    outer loop
      vertex 17.2246 5.04359 2
      vertex 72.7754 5.04359 2
      vertex 17.5085 5.17785 2
    endloop
  endfacet
  facet normal 0 0 1
    outer loop
      vertex 72.7754 5.04359 2
      vertex 17.2246 5.04359 2
      vertex 73.0711 4.93779 2
    endloop
  endfacet
  facet normal 0 0 1
    outer loop
      vertex 16.9289 4.93779 2
      vertex 73.0711 4.93779 2
      vertex 17.2246 5.04359 2
    endloop
  endfacet
  facet normal 0 0 1
    outer loop
      vertex 73.0711 4.93779 2
      vertex 16.9289 4.93779 2
      vertex 73.3757 4.86149 2
    endloop
  endfacet
  facet normal 0 0 1
    outer loop
      vertex 16.6243 4.86149 2
      vertex 73.3757 4.86149 2
      vertex 16.9289 4.93779 2
    endloop
  endfacet
  facet normal 0 0 1
    outer loop
      vertex 73.3757 4.86149 2
      vertex 16.6243 4.86149 2
      vertex 88 2 2
    endloop
  endfacet
  facet normal -0 0 1
    outer loop
      vertex 16.3137 4.81541 2
      vertex 88 2 2
      vertex 16.6243 4.86149 2
    endloop
  endfacet
  facet normal 0 0 1
    outer loop
      vertex 2 2 2
      vertex 16.3137 4.81541 2
      vertex 16 4.8 2
    endloop
  endfacet
  facet normal 0 0 1
    outer loop
      vertex 12.8154 8.31365 2
      vertex 2 2 2
      vertex 12.8 8 2
    endloop
  endfacet
  facet normal 0 0 1
    outer loop
      vertex 12.8 8 2
      vertex 2 2 2
      vertex 12.8154 7.68635 2
    endloop
  endfacet
  facet normal 0 0 1
    outer loop
      vertex 16.3137 4.81541 2
      vertex 2 2 2
      vertex 88 2 2
    endloop
  endfacet
  facet normal 0 0 1
    outer loop
      vertex 15.6863 4.81541 2
      vertex 2 2 2
      vertex 16 4.8 2
    endloop
  endfacet
  facet normal 0 0 1
    outer loop
      vertex 15.3757 4.86149 2
      vertex 2 2 2
      vertex 15.6863 4.81541 2
    endloop
  endfacet
  facet normal 0 0 1
    outer loop
      vertex 15.0711 4.93779 2
      vertex 2 2 2
      vertex 15.3757 4.86149 2
    endloop
  endfacet
  facet normal 0 0 1
    outer loop
      vertex 14.7754 5.04359 2
      vertex 2 2 2
      vertex 15.0711 4.93779 2
    endloop
  endfacet
  facet normal 0 0 1
    outer loop
      vertex 14.4915 5.17785 2
      vertex 2 2 2
      vertex 14.7754 5.04359 2
    endloop
  endfacet
  facet normal 0 0 1
    outer loop
      vertex 14.2222 5.3393 2
      vertex 2 2 2
      vertex 14.4915 5.17785 2
    endloop
  endfacet
  facet normal 0 0 1
    outer loop
      vertex 13.9699 5.52637 2
      vertex 2 2 2
      vertex 14.2222 5.3393 2
    endloop
  endfacet
  facet normal 0 0 1
    outer loop
      vertex 13.7373 5.73726 2
      vertex 2 2 2
      vertex 13.9699 5.52637 2
    endloop
  endfacet
  facet normal 0 0 1
    outer loop
      vertex 13.5264 5.96994 2
      vertex 2 2 2
      vertex 13.7373 5.73726 2
    endloop
  endfacet
  facet normal 0 0 1
    outer loop
      vertex 13.3393 6.22218 2
      vertex 2 2 2
      vertex 13.5264 5.96994 2
    endloop
  endfacet
  facet normal 0 0 1
    outer loop
      vertex 13.1779 6.49153 2
      vertex 2 2 2
      vertex 13.3393 6.22218 2
    endloop
  endfacet
  facet normal 0 0 1
    outer loop
      vertex 13.0436 6.77541 2
      vertex 2 2 2
      vertex 13.1779 6.49153 2
    endloop
  endfacet
  facet normal 0 0 1
    outer loop
      vertex 12.9378 7.07109 2
      vertex 2 2 2
      vertex 13.0436 6.77541 2
    endloop
  endfacet
  facet normal 0 0 1
    outer loop
      vertex 12.8615 7.37571 2
      vertex 2 2 2
      vertex 12.9378 7.07109 2
    endloop
  endfacet
  facet normal 0 0 1
    outer loop
      vertex 12.8154 7.68635 2
      vertex 2 2 2
      vertex 12.8615 7.37571 2
    endloop
  endfacet
  facet normal 0 0 1
    outer loop
      vertex 17.3684 8.13477 2
      vertex 17.3684 7.86523 2
      vertex 17.375 8 2
    endloop
  endfacet
  facet normal 0 0 1
    outer loop
      vertex 17.3486 8.26825 2
      vertex 17.3684 7.86523 2
      vertex 17.3684 8.13477 2
    endloop
  endfacet
  facet normal 0 0 1
    outer loop
      vertex 17.3486 8.26825 2
      vertex 17.3486 7.73175 2
      vertex 17.3684 7.86523 2
    endloop
  endfacet
  facet normal 0 0 1
    outer loop
      vertex 17.3158 8.39914 2
      vertex 17.3486 7.73175 2
      vertex 17.3486 8.26825 2
    endloop
  endfacet
  facet normal 0 0 1
    outer loop
      vertex 17.3158 8.39914 2
      vertex 17.3158 7.60086 2
      vertex 17.3486 7.73175 2
    endloop
  endfacet
  facet normal 0 0 1
    outer loop
      vertex 17.2703 8.52619 2
      vertex 17.3158 7.60086 2
      vertex 17.3158 8.39914 2
    endloop
  endfacet
  facet normal 0 0 1
    outer loop
      vertex 17.2703 8.52619 2
      vertex 17.2703 7.47381 2
      vertex 17.3158 7.60086 2
    endloop
  endfacet
  facet normal 0 0 1
    outer loop
      vertex 17.2126 8.64817 2
      vertex 17.2703 7.47381 2
      vertex 17.2703 8.52619 2
    endloop
  endfacet
  facet normal 0 0 1
    outer loop
      vertex 17.2126 8.64817 2
      vertex 17.2126 7.35183 2
      vertex 17.2703 7.47381 2
    endloop
  endfacet
  facet normal 0 0 1
    outer loop
      vertex 17.1433 8.76391 2
      vertex 17.2126 7.35183 2
      vertex 17.2126 8.64817 2
    endloop
  endfacet
  facet normal 0 0 1
    outer loop
      vertex 17.1433 8.76391 2
      vertex 17.1433 7.23609 2
      vertex 17.2126 7.35183 2
    endloop
  endfacet
  facet normal 0 0 1
    outer loop
      vertex 17.0629 8.87229 2
      vertex 17.1433 7.23609 2
      vertex 17.1433 8.76391 2
    endloop
  endfacet
  facet normal 0 0 1
    outer loop
      vertex 17.0629 8.87229 2
      vertex 17.0629 7.12771 2
      vertex 17.1433 7.23609 2
    endloop
  endfacet
  facet normal 0 0 1
    outer loop
      vertex 16.9723 8.97227 2
      vertex 17.0629 7.12771 2
      vertex 17.0629 8.87229 2
    endloop
  endfacet
  facet normal 0 0 1
    outer loop
      vertex 16.9723 8.97227 2
      vertex 16.9723 7.02773 2
      vertex 17.0629 7.12771 2
    endloop
  endfacet
  facet normal 0 0 1
    outer loop
      vertex 16.8723 9.06289 2
      vertex 16.9723 7.02773 2
      vertex 16.9723 8.97227 2
    endloop
  endfacet
  facet normal 0 0 1
    outer loop
      vertex 16.8723 9.06289 2
      vertex 16.8723 6.93711 2
      vertex 16.9723 7.02773 2
    endloop
  endfacet
  facet normal 0 0 1
    outer loop
      vertex 16.7639 9.14327 2
      vertex 16.8723 6.93711 2
      vertex 16.8723 9.06289 2
    endloop
  endfacet
  facet normal 0 0 1
    outer loop
      vertex 16.7639 9.14327 2
      vertex 16.7639 6.85673 2
      vertex 16.8723 6.93711 2
    endloop
  endfacet
  facet normal 0 0 1
    outer loop
      vertex 16.6482 9.21264 2
      vertex 16.7639 6.85673 2
      vertex 16.7639 9.14327 2
    endloop
  endfacet
  facet normal 0 0 1
    outer loop
      vertex 16.6482 9.21264 2
      vertex 16.6482 6.78736 2
      vertex 16.7639 6.85673 2
    endloop
  endfacet
  facet normal 0 0 1
    outer loop
      vertex 16.5262 9.27033 2
      vertex 16.6482 6.78736 2
      vertex 16.6482 9.21264 2
    endloop
  endfacet
  facet normal 0 0 1
    outer loop
      vertex 16.5262 9.27033 2
      vertex 16.5262 6.72967 2
      vertex 16.6482 6.78736 2
    endloop
  endfacet
  facet normal 0 0 1
    outer loop
      vertex 16.3991 9.31579 2
      vertex 16.5262 6.72967 2
      vertex 16.5262 9.27033 2
    endloop
  endfacet
  facet normal 0 0 1
    outer loop
      vertex 16.3991 9.31579 2
      vertex 16.3991 6.68421 2
      vertex 16.5262 6.72967 2
    endloop
  endfacet
  facet normal 0 0 1
    outer loop
      vertex 16.2682 9.34858 2
      vertex 16.3991 6.68421 2
      vertex 16.3991 9.31579 2
    endloop
  endfacet
  facet normal 0 0 1
    outer loop
      vertex 16.2682 9.34858 2
      vertex 16.2682 6.65142 2
      vertex 16.3991 6.68421 2
    endloop
  endfacet
  facet normal 0 0 1
    outer loop
      vertex 16.1348 9.36838 2
      vertex 16.2682 6.65142 2
      vertex 16.2682 9.34858 2
    endloop
  endfacet
  facet normal 0 0 1
    outer loop
      vertex 16.1348 9.36838 2
      vertex 16.1348 6.63162 2
      vertex 16.2682 6.65142 2
    endloop
  endfacet
  facet normal 0 0 1
    outer loop
      vertex 16 9.375 2
      vertex 16.1348 6.63162 2
      vertex 16.1348 9.36838 2
    endloop
  endfacet
  facet normal 0 0 1
    outer loop
      vertex 16 9.375 2
      vertex 16 6.625 2
      vertex 16.1348 6.63162 2
    endloop
  endfacet
  facet normal -0 0 1
    outer loop
      vertex 15.8652 9.36838 2
      vertex 16 6.625 2
      vertex 16 9.375 2
    endloop
  endfacet
  facet normal 0 0 1
    outer loop
      vertex 15.8652 9.36838 2
      vertex 15.8652 6.63162 2
      vertex 16 6.625 2
    endloop
  endfacet
  facet normal -0 0 1
    outer loop
      vertex 15.7318 9.34858 2
      vertex 15.8652 6.63162 2
      vertex 15.8652 9.36838 2
    endloop
  endfacet
  facet normal 0 0 1
    outer loop
      vertex 15.7318 9.34858 2
      vertex 15.7318 6.65142 2
      vertex 15.8652 6.63162 2
    endloop
  endfacet
  facet normal -0 0 1
    outer loop
      vertex 15.6009 9.31579 2
      vertex 15.7318 6.65142 2
      vertex 15.7318 9.34858 2
    endloop
  endfacet
  facet normal 0 0 1
    outer loop
      vertex 15.6009 9.31579 2
      vertex 15.6009 6.68421 2
      vertex 15.7318 6.65142 2
    endloop
  endfacet
  facet normal -0 0 1
    outer loop
      vertex 15.4738 9.27033 2
      vertex 15.6009 6.68421 2
      vertex 15.6009 9.31579 2
    endloop
  endfacet
  facet normal 0 0 1
    outer loop
      vertex 15.4738 9.27033 2
      vertex 15.4738 6.72967 2
      vertex 15.6009 6.68421 2
    endloop
  endfacet
  facet normal -0 0 1
    outer loop
      vertex 15.3518 9.21264 2
      vertex 15.4738 6.72967 2
      vertex 15.4738 9.27033 2
    endloop
  endfacet
  facet normal 0 0 1
    outer loop
      vertex 15.3518 9.21264 2
      vertex 15.3518 6.78736 2
      vertex 15.4738 6.72967 2
    endloop
  endfacet
  facet normal -0 0 1
    outer loop
      vertex 15.2361 9.14327 2
      vertex 15.3518 6.78736 2
      vertex 15.3518 9.21264 2
    endloop
  endfacet
  facet normal 0 0 1
    outer loop
      vertex 15.2361 9.14327 2
      vertex 15.2361 6.85673 2
      vertex 15.3518 6.78736 2
    endloop
  endfacet
  facet normal -0 0 1
    outer loop
      vertex 15.1277 9.06289 2
      vertex 15.2361 6.85673 2
      vertex 15.2361 9.14327 2
    endloop
  endfacet
  facet normal 0 0 1
    outer loop
      vertex 15.1277 9.06289 2
      vertex 15.1277 6.93711 2
      vertex 15.2361 6.85673 2
    endloop
  endfacet
  facet normal -0 0 1
    outer loop
      vertex 15.0277 8.97227 2
      vertex 15.1277 6.93711 2
      vertex 15.1277 9.06289 2
    endloop
  endfacet
  facet normal 0 0 1
    outer loop
      vertex 15.0277 8.97227 2
      vertex 15.0277 7.02773 2
      vertex 15.1277 6.93711 2
    endloop
  endfacet
  facet normal -0 0 1
    outer loop
      vertex 14.9371 8.87229 2
      vertex 15.0277 7.02773 2
      vertex 15.0277 8.97227 2
    endloop
  endfacet
  facet normal 0 0 1
    outer loop
      vertex 14.9371 8.87229 2
      vertex 14.9371 7.12771 2
      vertex 15.0277 7.02773 2
    endloop
  endfacet
  facet normal -0 0 1
    outer loop
      vertex 14.8567 8.76391 2
      vertex 14.9371 7.12771 2
      vertex 14.9371 8.87229 2
    endloop
  endfacet
  facet normal 0 0 1
    outer loop
      vertex 14.8567 8.76391 2
      vertex 14.8567 7.23609 2
      vertex 14.9371 7.12771 2
    endloop
  endfacet
  facet normal -0 0 1
    outer loop
      vertex 14.7874 8.64817 2
      vertex 14.8567 7.23609 2
      vertex 14.8567 8.76391 2
    endloop
  endfacet
  facet normal 0 0 1
    outer loop
      vertex 14.7874 8.64817 2
      vertex 14.7874 7.35183 2
      vertex 14.8567 7.23609 2
    endloop
  endfacet
  facet normal -0 0 1
    outer loop
      vertex 14.7297 8.52619 2
      vertex 14.7874 7.35183 2
      vertex 14.7874 8.64817 2
    endloop
  endfacet
  facet normal 0 0 1
    outer loop
      vertex 14.7297 8.52619 2
      vertex 14.7297 7.47381 2
      vertex 14.7874 7.35183 2
    endloop
  endfacet
  facet normal -0 0 1
    outer loop
      vertex 14.6842 8.39914 2
      vertex 14.7297 7.47381 2
      vertex 14.7297 8.52619 2
    endloop
  endfacet
  facet normal 0 0 1
    outer loop
      vertex 14.6842 8.39914 2
      vertex 14.6842 7.60086 2
      vertex 14.7297 7.47381 2
    endloop
  endfacet
  facet normal -0 0 1
    outer loop
      vertex 14.6514 8.26825 2
      vertex 14.6842 7.60086 2
      vertex 14.6842 8.39914 2
    endloop
  endfacet
  facet normal 0 0 1
    outer loop
      vertex 14.6514 8.26825 2
      vertex 14.6514 7.73175 2
      vertex 14.6842 7.60086 2
    endloop
  endfacet
  facet normal -0 0 1
    outer loop
      vertex 14.6316 8.13477 2
      vertex 14.6514 7.73175 2
      vertex 14.6514 8.26825 2
    endloop
  endfacet
  facet normal 0 0 1
    outer loop
      vertex 14.6316 8.13477 2
      vertex 14.6316 7.86523 2
      vertex 14.6514 7.73175 2
    endloop
  endfacet
  facet normal 0 -0 1
    outer loop
      vertex 14.6316 7.86523 2
      vertex 14.6316 8.13477 2
      vertex 14.625 8 2
    endloop
  endfacet
  facet normal 0 0 1
    outer loop
      vertex 75.3684 8.13477 2
      vertex 75.3684 7.86523 2
      vertex 75.375 8 2
    endloop
  endfacet
  facet normal 0 0 1
    outer loop
      vertex 75.3486 8.26825 2
      vertex 75.3684 7.86523 2
      vertex 75.3684 8.13477 2
    endloop
  endfacet
  facet normal 0 0 1
    outer loop
      vertex 75.3486 8.26825 2
      vertex 75.3486 7.73175 2
      vertex 75.3684 7.86523 2
    endloop
  endfacet
  facet normal 0 0 1
    outer loop
      vertex 75.3158 8.39914 2
      vertex 75.3486 7.73175 2
      vertex 75.3486 8.26825 2
    endloop
  endfacet
  facet normal 0 0 1
    outer loop
      vertex 75.3158 8.39914 2
      vertex 75.3158 7.60086 2
      vertex 75.3486 7.73175 2
    endloop
  endfacet
  facet normal 0 0 1
    outer loop
      vertex 75.2703 8.52619 2
      vertex 75.3158 7.60086 2
      vertex 75.3158 8.39914 2
    endloop
  endfacet
  facet normal 0 0 1
    outer loop
      vertex 75.2703 8.52619 2
      vertex 75.2703 7.47381 2
      vertex 75.3158 7.60086 2
    endloop
  endfacet
  facet normal 0 0 1
    outer loop
      vertex 75.2126 8.64817 2
      vertex 75.2703 7.47381 2
      vertex 75.2703 8.52619 2
    endloop
  endfacet
  facet normal 0 0 1
    outer loop
      vertex 75.2126 8.64817 2
      vertex 75.2126 7.35183 2
      vertex 75.2703 7.47381 2
    endloop
  endfacet
  facet normal 0 0 1
    outer loop
      vertex 75.1433 8.76391 2
      vertex 75.2126 7.35183 2
      vertex 75.2126 8.64817 2
    endloop
  endfacet
  facet normal 0 0 1
    outer loop
      vertex 75.1433 8.76391 2
      vertex 75.1433 7.23609 2
      vertex 75.2126 7.35183 2
    endloop
  endfacet
  facet normal 0 0 1
    outer loop
      vertex 75.0629 8.87229 2
      vertex 75.1433 7.23609 2
      vertex 75.1433 8.76391 2
    endloop
  endfacet
  facet normal 0 0 1
    outer loop
      vertex 75.0629 8.87229 2
      vertex 75.0629 7.12771 2
      vertex 75.1433 7.23609 2
    endloop
  endfacet
  facet normal 0 0 1
    outer loop
      vertex 74.9723 8.97227 2
      vertex 75.0629 7.12771 2
      vertex 75.0629 8.87229 2
    endloop
  endfacet
  facet normal 0 0 1
    outer loop
      vertex 74.9723 8.97227 2
      vertex 74.9723 7.02773 2
      vertex 75.0629 7.12771 2
    endloop
  endfacet
  facet normal 0 0 1
    outer loop
      vertex 74.8723 9.06289 2
      vertex 74.9723 7.02773 2
      vertex 74.9723 8.97227 2
    endloop
  endfacet
  facet normal 0 0 1
    outer loop
      vertex 74.8723 9.06289 2
      vertex 74.8723 6.93711 2
      vertex 74.9723 7.02773 2
    endloop
  endfacet
  facet normal 0 0 1
    outer loop
      vertex 74.7639 9.14327 2
      vertex 74.8723 6.93711 2
      vertex 74.8723 9.06289 2
    endloop
  endfacet
  facet normal 0 0 1
    outer loop
      vertex 74.7639 9.14327 2
      vertex 74.7639 6.85673 2
      vertex 74.8723 6.93711 2
    endloop
  endfacet
  facet normal 0 0 1
    outer loop
      vertex 74.6482 9.21264 2
      vertex 74.7639 6.85673 2
      vertex 74.7639 9.14327 2
    endloop
  endfacet
  facet normal 0 0 1
    outer loop
      vertex 74.6482 9.21264 2
      vertex 74.6482 6.78736 2
      vertex 74.7639 6.85673 2
    endloop
  endfacet
  facet normal 0 0 1
    outer loop
      vertex 74.5262 9.27033 2
      vertex 74.6482 6.78736 2
      vertex 74.6482 9.21264 2
    endloop
  endfacet
  facet normal 0 0 1
    outer loop
      vertex 74.5262 9.27033 2
      vertex 74.5262 6.72967 2
      vertex 74.6482 6.78736 2
    endloop
  endfacet
  facet normal 0 0 1
    outer loop
      vertex 74.3991 9.31579 2
      vertex 74.5262 6.72967 2
      vertex 74.5262 9.27033 2
    endloop
  endfacet
  facet normal 0 0 1
    outer loop
      vertex 74.3991 9.31579 2
      vertex 74.3991 6.68421 2
      vertex 74.5262 6.72967 2
    endloop
  endfacet
  facet normal 0 0 1
    outer loop
      vertex 74.2682 9.34858 2
      vertex 74.3991 6.68421 2
      vertex 74.3991 9.31579 2
    endloop
  endfacet
  facet normal 0 0 1
    outer loop
      vertex 74.2682 9.34858 2
      vertex 74.2682 6.65142 2
      vertex 74.3991 6.68421 2
    endloop
  endfacet
  facet normal 0 0 1
    outer loop
      vertex 74.1348 9.36838 2
      vertex 74.2682 6.65142 2
      vertex 74.2682 9.34858 2
    endloop
  endfacet
  facet normal 0 0 1
    outer loop
      vertex 74.1348 9.36838 2
      vertex 74.1348 6.63162 2
      vertex 74.2682 6.65142 2
    endloop
  endfacet
  facet normal 0 0 1
    outer loop
      vertex 74 9.375 2
      vertex 74.1348 6.63162 2
      vertex 74.1348 9.36838 2
    endloop
  endfacet
  facet normal 0 0 1
    outer loop
      vertex 74 9.375 2
      vertex 74 6.625 2
      vertex 74.1348 6.63162 2
    endloop
  endfacet
  facet normal -0 0 1
    outer loop
      vertex 73.8652 9.36838 2
      vertex 74 6.625 2
      vertex 74 9.375 2
    endloop
  endfacet
  facet normal 0 0 1
    outer loop
      vertex 73.8652 9.36838 2
      vertex 73.8652 6.63162 2
      vertex 74 6.625 2
    endloop
  endfacet
  facet normal -0 0 1
    outer loop
      vertex 73.7318 9.34858 2
      vertex 73.8652 6.63162 2
      vertex 73.8652 9.36838 2
    endloop
  endfacet
  facet normal 0 0 1
    outer loop
      vertex 73.7318 9.34858 2
      vertex 73.7318 6.65142 2
      vertex 73.8652 6.63162 2
    endloop
  endfacet
  facet normal -0 0 1
    outer loop
      vertex 73.6009 9.31579 2
      vertex 73.7318 6.65142 2
      vertex 73.7318 9.34858 2
    endloop
  endfacet
  facet normal 0 0 1
    outer loop
      vertex 73.6009 9.31579 2
      vertex 73.6009 6.68421 2
      vertex 73.7318 6.65142 2
    endloop
  endfacet
  facet normal -0 0 1
    outer loop
      vertex 73.4738 9.27033 2
      vertex 73.6009 6.68421 2
      vertex 73.6009 9.31579 2
    endloop
  endfacet
  facet normal 0 0 1
    outer loop
      vertex 73.4738 9.27033 2
      vertex 73.4738 6.72967 2
      vertex 73.6009 6.68421 2
    endloop
  endfacet
  facet normal -0 0 1
    outer loop
      vertex 73.3518 9.21264 2
      vertex 73.4738 6.72967 2
      vertex 73.4738 9.27033 2
    endloop
  endfacet
  facet normal 0 0 1
    outer loop
      vertex 73.3518 9.21264 2
      vertex 73.3518 6.78736 2
      vertex 73.4738 6.72967 2
    endloop
  endfacet
  facet normal -0 0 1
    outer loop
      vertex 73.2361 9.14327 2
      vertex 73.3518 6.78736 2
      vertex 73.3518 9.21264 2
    endloop
  endfacet
  facet normal 0 0 1
    outer loop
      vertex 73.2361 9.14327 2
      vertex 73.2361 6.85673 2
      vertex 73.3518 6.78736 2
    endloop
  endfacet
  facet normal -0 0 1
    outer loop
      vertex 73.1277 9.06289 2
      vertex 73.2361 6.85673 2
      vertex 73.2361 9.14327 2
    endloop
  endfacet
  facet normal 0 0 1
    outer loop
      vertex 73.1277 9.06289 2
      vertex 73.1277 6.93711 2
      vertex 73.2361 6.85673 2
    endloop
  endfacet
  facet normal -0 0 1
    outer loop
      vertex 73.0277 8.97227 2
      vertex 73.1277 6.93711 2
      vertex 73.1277 9.06289 2
    endloop
  endfacet
  facet normal 0 0 1
    outer loop
      vertex 73.0277 8.97227 2
      vertex 73.0277 7.02773 2
      vertex 73.1277 6.93711 2
    endloop
  endfacet
  facet normal -0 0 1
    outer loop
      vertex 72.9371 8.87229 2
      vertex 73.0277 7.02773 2
      vertex 73.0277 8.97227 2
    endloop
  endfacet
  facet normal 0 0 1
    outer loop
      vertex 72.9371 8.87229 2
      vertex 72.9371 7.12771 2
      vertex 73.0277 7.02773 2
    endloop
  endfacet
  facet normal -0 0 1
    outer loop
      vertex 72.8567 8.76391 2
      vertex 72.9371 7.12771 2
      vertex 72.9371 8.87229 2
    endloop
  endfacet
  facet normal 0 0 1
    outer loop
      vertex 72.8567 8.76391 2
      vertex 72.8567 7.23609 2
      vertex 72.9371 7.12771 2
    endloop
  endfacet
  facet normal -0 0 1
    outer loop
      vertex 72.7874 8.64817 2
      vertex 72.8567 7.23609 2
      vertex 72.8567 8.76391 2
    endloop
  endfacet
  facet normal 0 0 1
    outer loop
      vertex 72.7874 8.64817 2
      vertex 72.7874 7.35183 2
      vertex 72.8567 7.23609 2
    endloop
  endfacet
  facet normal -0 0 1
    outer loop
      vertex 72.7297 8.52619 2
      vertex 72.7874 7.35183 2
      vertex 72.7874 8.64817 2
    endloop
  endfacet
  facet normal 0 0 1
    outer loop
      vertex 72.7297 8.52619 2
      vertex 72.7297 7.47381 2
      vertex 72.7874 7.35183 2
    endloop
  endfacet
  facet normal -0 0 1
    outer loop
      vertex 72.6842 8.39914 2
      vertex 72.7297 7.47381 2
      vertex 72.7297 8.52619 2
    endloop
  endfacet
  facet normal 0 0 1
    outer loop
      vertex 72.6842 8.39914 2
      vertex 72.6842 7.60086 2
      vertex 72.7297 7.47381 2
    endloop
  endfacet
  facet normal -0 0 1
    outer loop
      vertex 72.6514 8.26825 2
      vertex 72.6842 7.60086 2
      vertex 72.6842 8.39914 2
    endloop
  endfacet
  facet normal 0 0 1
    outer loop
      vertex 72.6514 8.26825 2
      vertex 72.6514 7.73175 2
      vertex 72.6842 7.60086 2
    endloop
  endfacet
  facet normal -0 0 1
    outer loop
      vertex 72.6316 8.13477 2
      vertex 72.6514 7.73175 2
      vertex 72.6514 8.26825 2
    endloop
  endfacet
  facet normal 0 0 1
    outer loop
      vertex 72.6316 8.13477 2
      vertex 72.6316 7.86523 2
      vertex 72.6514 7.73175 2
    endloop
  endfacet
  facet normal 0 -0 1
    outer loop
      vertex 72.6316 7.86523 2
      vertex 72.6316 8.13477 2
      vertex 72.625 8 2
    endloop
  endfacet
  facet normal 0 0 1
    outer loop
      vertex 17.3684 57.1348 2
      vertex 17.3684 56.8652 2
      vertex 17.375 57 2
    endloop
  endfacet
  facet normal 0 0 1
    outer loop
      vertex 17.3486 57.2682 2
      vertex 17.3684 56.8652 2
      vertex 17.3684 57.1348 2
    endloop
  endfacet
  facet normal 0 0 1
    outer loop
      vertex 17.3486 57.2682 2
      vertex 17.3486 56.7318 2
      vertex 17.3684 56.8652 2
    endloop
  endfacet
  facet normal 0 0 1
    outer loop
      vertex 17.3158 57.3991 2
      vertex 17.3486 56.7318 2
      vertex 17.3486 57.2682 2
    endloop
  endfacet
  facet normal 0 0 1
    outer loop
      vertex 17.3158 57.3991 2
      vertex 17.3158 56.6009 2
      vertex 17.3486 56.7318 2
    endloop
  endfacet
  facet normal 0 0 1
    outer loop
      vertex 17.2703 57.5262 2
      vertex 17.3158 56.6009 2
      vertex 17.3158 57.3991 2
    endloop
  endfacet
  facet normal 0 0 1
    outer loop
      vertex 17.2703 57.5262 2
      vertex 17.2703 56.4738 2
      vertex 17.3158 56.6009 2
    endloop
  endfacet
  facet normal 0 0 1
    outer loop
      vertex 17.2126 57.6482 2
      vertex 17.2703 56.4738 2
      vertex 17.2703 57.5262 2
    endloop
  endfacet
  facet normal 0 0 1
    outer loop
      vertex 17.2126 57.6482 2
      vertex 17.2126 56.3518 2
      vertex 17.2703 56.4738 2
    endloop
  endfacet
  facet normal 0 0 1
    outer loop
      vertex 17.1433 57.7639 2
      vertex 17.2126 56.3518 2
      vertex 17.2126 57.6482 2
    endloop
  endfacet
  facet normal 0 0 1
    outer loop
      vertex 17.1433 57.7639 2
      vertex 17.1433 56.2361 2
      vertex 17.2126 56.3518 2
    endloop
  endfacet
  facet normal 0 0 1
    outer loop
      vertex 17.0629 57.8723 2
      vertex 17.1433 56.2361 2
      vertex 17.1433 57.7639 2
    endloop
  endfacet
  facet normal 0 0 1
    outer loop
      vertex 17.0629 57.8723 2
      vertex 17.0629 56.1277 2
      vertex 17.1433 56.2361 2
    endloop
  endfacet
  facet normal 0 0 1
    outer loop
      vertex 16.9723 57.9723 2
      vertex 17.0629 56.1277 2
      vertex 17.0629 57.8723 2
    endloop
  endfacet
  facet normal 0 0 1
    outer loop
      vertex 16.9723 57.9723 2
      vertex 16.9723 56.0277 2
      vertex 17.0629 56.1277 2
    endloop
  endfacet
  facet normal 0 0 1
    outer loop
      vertex 16.8723 58.0629 2
      vertex 16.9723 56.0277 2
      vertex 16.9723 57.9723 2
    endloop
  endfacet
  facet normal 0 0 1
    outer loop
      vertex 16.8723 58.0629 2
      vertex 16.8723 55.9371 2
      vertex 16.9723 56.0277 2
    endloop
  endfacet
  facet normal 0 0 1
    outer loop
      vertex 16.7639 58.1433 2
      vertex 16.8723 55.9371 2
      vertex 16.8723 58.0629 2
    endloop
  endfacet
  facet normal 0 0 1
    outer loop
      vertex 16.7639 58.1433 2
      vertex 16.7639 55.8567 2
      vertex 16.8723 55.9371 2
    endloop
  endfacet
  facet normal 0 0 1
    outer loop
      vertex 16.6482 58.2126 2
      vertex 16.7639 55.8567 2
      vertex 16.7639 58.1433 2
    endloop
  endfacet
  facet normal 0 0 1
    outer loop
      vertex 16.6482 58.2126 2
      vertex 16.6482 55.7874 2
      vertex 16.7639 55.8567 2
    endloop
  endfacet
  facet normal 0 0 1
    outer loop
      vertex 16.5262 58.2703 2
      vertex 16.6482 55.7874 2
      vertex 16.6482 58.2126 2
    endloop
  endfacet
  facet normal 0 0 1
    outer loop
      vertex 16.5262 58.2703 2
      vertex 16.5262 55.7297 2
      vertex 16.6482 55.7874 2
    endloop
  endfacet
  facet normal 0 0 1
    outer loop
      vertex 16.3991 58.3158 2
      vertex 16.5262 55.7297 2
      vertex 16.5262 58.2703 2
    endloop
  endfacet
  facet normal 0 0 1
    outer loop
      vertex 16.3991 58.3158 2
      vertex 16.3991 55.6842 2
      vertex 16.5262 55.7297 2
    endloop
  endfacet
  facet normal 0 0 1
    outer loop
      vertex 16.2682 58.3486 2
      vertex 16.3991 55.6842 2
      vertex 16.3991 58.3158 2
    endloop
  endfacet
  facet normal 0 0 1
    outer loop
      vertex 16.2682 58.3486 2
      vertex 16.2682 55.6514 2
      vertex 16.3991 55.6842 2
    endloop
  endfacet
  facet normal 0 0 1
    outer loop
      vertex 16.1348 58.3684 2
      vertex 16.2682 55.6514 2
      vertex 16.2682 58.3486 2
    endloop
  endfacet
  facet normal 0 0 1
    outer loop
      vertex 16.1348 58.3684 2
      vertex 16.1348 55.6316 2
      vertex 16.2682 55.6514 2
    endloop
  endfacet
  facet normal 0 0 1
    outer loop
      vertex 16 58.375 2
      vertex 16.1348 55.6316 2
      vertex 16.1348 58.3684 2
    endloop
  endfacet
  facet normal 0 0 1
    outer loop
      vertex 16 58.375 2
      vertex 16 55.625 2
      vertex 16.1348 55.6316 2
    endloop
  endfacet
  facet normal -0 0 1
    outer loop
      vertex 15.8652 58.3684 2
      vertex 16 55.625 2
      vertex 16 58.375 2
    endloop
  endfacet
  facet normal 0 0 1
    outer loop
      vertex 15.8652 58.3684 2
      vertex 15.8652 55.6316 2
      vertex 16 55.625 2
    endloop
  endfacet
  facet normal -0 0 1
    outer loop
      vertex 15.7318 58.3486 2
      vertex 15.8652 55.6316 2
      vertex 15.8652 58.3684 2
    endloop
  endfacet
  facet normal 0 0 1
    outer loop
      vertex 15.7318 58.3486 2
      vertex 15.7318 55.6514 2
      vertex 15.8652 55.6316 2
    endloop
  endfacet
  facet normal -0 0 1
    outer loop
      vertex 15.6009 58.3158 2
      vertex 15.7318 55.6514 2
      vertex 15.7318 58.3486 2
    endloop
  endfacet
  facet normal 0 0 1
    outer loop
      vertex 15.6009 58.3158 2
      vertex 15.6009 55.6842 2
      vertex 15.7318 55.6514 2
    endloop
  endfacet
  facet normal -0 0 1
    outer loop
      vertex 15.4738 58.2703 2
      vertex 15.6009 55.6842 2
      vertex 15.6009 58.3158 2
    endloop
  endfacet
  facet normal 0 0 1
    outer loop
      vertex 15.4738 58.2703 2
      vertex 15.4738 55.7297 2
      vertex 15.6009 55.6842 2
    endloop
  endfacet
  facet normal -0 0 1
    outer loop
      vertex 15.3518 58.2126 2
      vertex 15.4738 55.7297 2
      vertex 15.4738 58.2703 2
    endloop
  endfacet
  facet normal 0 0 1
    outer loop
      vertex 15.3518 58.2126 2
      vertex 15.3518 55.7874 2
      vertex 15.4738 55.7297 2
    endloop
  endfacet
  facet normal -0 0 1
    outer loop
      vertex 15.2361 58.1433 2
      vertex 15.3518 55.7874 2
      vertex 15.3518 58.2126 2
    endloop
  endfacet
  facet normal 0 0 1
    outer loop
      vertex 15.2361 58.1433 2
      vertex 15.2361 55.8567 2
      vertex 15.3518 55.7874 2
    endloop
  endfacet
  facet normal -0 0 1
    outer loop
      vertex 15.1277 58.0629 2
      vertex 15.2361 55.8567 2
      vertex 15.2361 58.1433 2
    endloop
  endfacet
  facet normal 0 0 1
    outer loop
      vertex 15.1277 58.0629 2
      vertex 15.1277 55.9371 2
      vertex 15.2361 55.8567 2
    endloop
  endfacet
  facet normal -0 0 1
    outer loop
      vertex 15.0277 57.9723 2
      vertex 15.1277 55.9371 2
      vertex 15.1277 58.0629 2
    endloop
  endfacet
  facet normal 0 0 1
    outer loop
      vertex 15.0277 57.9723 2
      vertex 15.0277 56.0277 2
      vertex 15.1277 55.9371 2
    endloop
  endfacet
  facet normal -0 0 1
    outer loop
      vertex 14.9371 57.8723 2
      vertex 15.0277 56.0277 2
      vertex 15.0277 57.9723 2
    endloop
  endfacet
  facet normal 0 0 1
    outer loop
      vertex 14.9371 57.8723 2
      vertex 14.9371 56.1277 2
      vertex 15.0277 56.0277 2
    endloop
  endfacet
  facet normal -0 0 1
    outer loop
      vertex 14.8567 57.7639 2
      vertex 14.9371 56.1277 2
      vertex 14.9371 57.8723 2
    endloop
  endfacet
  facet normal 0 0 1
    outer loop
      vertex 14.8567 57.7639 2
      vertex 14.8567 56.2361 2
      vertex 14.9371 56.1277 2
    endloop
  endfacet
  facet normal -0 0 1
    outer loop
      vertex 14.7874 57.6482 2
      vertex 14.8567 56.2361 2
      vertex 14.8567 57.7639 2
    endloop
  endfacet
  facet normal 0 0 1
    outer loop
      vertex 14.7874 57.6482 2
      vertex 14.7874 56.3518 2
      vertex 14.8567 56.2361 2
    endloop
  endfacet
  facet normal -0 0 1
    outer loop
      vertex 14.7297 57.5262 2
      vertex 14.7874 56.3518 2
      vertex 14.7874 57.6482 2
    endloop
  endfacet
  facet normal 0 0 1
    outer loop
      vertex 14.7297 57.5262 2
      vertex 14.7297 56.4738 2
      vertex 14.7874 56.3518 2
    endloop
  endfacet
  facet normal -0 0 1
    outer loop
      vertex 14.6842 57.3991 2
      vertex 14.7297 56.4738 2
      vertex 14.7297 57.5262 2
    endloop
  endfacet
  facet normal 0 0 1
    outer loop
      vertex 14.6842 57.3991 2
      vertex 14.6842 56.6009 2
      vertex 14.7297 56.4738 2
    endloop
  endfacet
  facet normal -0 0 1
    outer loop
      vertex 14.6514 57.2682 2
      vertex 14.6842 56.6009 2
      vertex 14.6842 57.3991 2
    endloop
  endfacet
  facet normal 0 0 1
    outer loop
      vertex 14.6514 57.2682 2
      vertex 14.6514 56.7318 2
      vertex 14.6842 56.6009 2
    endloop
  endfacet
  facet normal -0 0 1
    outer loop
      vertex 14.6316 57.1348 2
      vertex 14.6514 56.7318 2
      vertex 14.6514 57.2682 2
    endloop
  endfacet
  facet normal 0 0 1
    outer loop
      vertex 14.6316 57.1348 2
      vertex 14.6316 56.8652 2
      vertex 14.6514 56.7318 2
    endloop
  endfacet
  facet normal 0 -0 1
    outer loop
      vertex 14.6316 56.8652 2
      vertex 14.6316 57.1348 2
      vertex 14.625 57 2
    endloop
  endfacet
  facet normal 0 0 1
    outer loop
      vertex 75.3684 57.1348 2
      vertex 75.3684 56.8652 2
      vertex 75.375 57 2
    endloop
  endfacet
  facet normal 0 0 1
    outer loop
      vertex 75.3486 57.2682 2
      vertex 75.3684 56.8652 2
      vertex 75.3684 57.1348 2
    endloop
  endfacet
  facet normal 0 0 1
    outer loop
      vertex 75.3486 57.2682 2
      vertex 75.3486 56.7318 2
      vertex 75.3684 56.8652 2
    endloop
  endfacet
  facet normal 0 0 1
    outer loop
      vertex 75.3158 57.3991 2
      vertex 75.3486 56.7318 2
      vertex 75.3486 57.2682 2
    endloop
  endfacet
  facet normal 0 0 1
    outer loop
      vertex 75.3158 57.3991 2
      vertex 75.3158 56.6009 2
      vertex 75.3486 56.7318 2
    endloop
  endfacet
  facet normal 0 0 1
    outer loop
      vertex 75.2703 57.5262 2
      vertex 75.3158 56.6009 2
      vertex 75.3158 57.3991 2
    endloop
  endfacet
  facet normal 0 0 1
    outer loop
      vertex 75.2703 57.5262 2
      vertex 75.2703 56.4738 2
      vertex 75.3158 56.6009 2
    endloop
  endfacet
  facet normal 0 0 1
    outer loop
      vertex 75.2126 57.6482 2
      vertex 75.2703 56.4738 2
      vertex 75.2703 57.5262 2
    endloop
  endfacet
  facet normal 0 0 1
    outer loop
      vertex 75.2126 57.6482 2
      vertex 75.2126 56.3518 2
      vertex 75.2703 56.4738 2
    endloop
  endfacet
  facet normal 0 0 1
    outer loop
      vertex 75.1433 57.7639 2
      vertex 75.2126 56.3518 2
      vertex 75.2126 57.6482 2
    endloop
  endfacet
  facet normal 0 0 1
    outer loop
      vertex 75.1433 57.7639 2
      vertex 75.1433 56.2361 2
      vertex 75.2126 56.3518 2
    endloop
  endfacet
  facet normal 0 0 1
    outer loop
      vertex 75.0629 57.8723 2
      vertex 75.1433 56.2361 2
      vertex 75.1433 57.7639 2
    endloop
  endfacet
  facet normal 0 0 1
    outer loop
      vertex 75.0629 57.8723 2
      vertex 75.0629 56.1277 2
      vertex 75.1433 56.2361 2
    endloop
  endfacet
  facet normal 0 0 1
    outer loop
      vertex 74.9723 57.9723 2
      vertex 75.0629 56.1277 2
      vertex 75.0629 57.8723 2
    endloop
  endfacet
  facet normal 0 0 1
    outer loop
      vertex 74.9723 57.9723 2
      vertex 74.9723 56.0277 2
      vertex 75.0629 56.1277 2
    endloop
  endfacet
  facet normal 0 0 1
    outer loop
      vertex 74.8723 58.0629 2
      vertex 74.9723 56.0277 2
      vertex 74.9723 57.9723 2
    endloop
  endfacet
  facet normal 0 0 1
    outer loop
      vertex 74.8723 58.0629 2
      vertex 74.8723 55.9371 2
      vertex 74.9723 56.0277 2
    endloop
  endfacet
  facet normal 0 0 1
    outer loop
      vertex 74.7639 58.1433 2
      vertex 74.8723 55.9371 2
      vertex 74.8723 58.0629 2
    endloop
  endfacet
  facet normal 0 0 1
    outer loop
      vertex 74.7639 58.1433 2
      vertex 74.7639 55.8567 2
      vertex 74.8723 55.9371 2
    endloop
  endfacet
  facet normal 0 0 1
    outer loop
      vertex 74.6482 58.2126 2
      vertex 74.7639 55.8567 2
      vertex 74.7639 58.1433 2
    endloop
  endfacet
  facet normal 0 0 1
    outer loop
      vertex 74.6482 58.2126 2
      vertex 74.6482 55.7874 2
      vertex 74.7639 55.8567 2
    endloop
  endfacet
  facet normal 0 0 1
    outer loop
      vertex 74.5262 58.2703 2
      vertex 74.6482 55.7874 2
      vertex 74.6482 58.2126 2
    endloop
  endfacet
  facet normal 0 0 1
    outer loop
      vertex 74.5262 58.2703 2
      vertex 74.5262 55.7297 2
      vertex 74.6482 55.7874 2
    endloop
  endfacet
  facet normal 0 0 1
    outer loop
      vertex 74.3991 58.3158 2
      vertex 74.5262 55.7297 2
      vertex 74.5262 58.2703 2
    endloop
  endfacet
  facet normal 0 0 1
    outer loop
      vertex 74.3991 58.3158 2
      vertex 74.3991 55.6842 2
      vertex 74.5262 55.7297 2
    endloop
  endfacet
  facet normal 0 0 1
    outer loop
      vertex 74.2682 58.3486 2
      vertex 74.3991 55.6842 2
      vertex 74.3991 58.3158 2
    endloop
  endfacet
  facet normal 0 0 1
    outer loop
      vertex 74.2682 58.3486 2
      vertex 74.2682 55.6514 2
      vertex 74.3991 55.6842 2
    endloop
  endfacet
  facet normal 0 0 1
    outer loop
      vertex 74.1348 58.3684 2
      vertex 74.2682 55.6514 2
      vertex 74.2682 58.3486 2
    endloop
  endfacet
  facet normal 0 0 1
    outer loop
      vertex 74.1348 58.3684 2
      vertex 74.1348 55.6316 2
      vertex 74.2682 55.6514 2
    endloop
  endfacet
  facet normal 0 0 1
    outer loop
      vertex 74 58.375 2
      vertex 74.1348 55.6316 2
      vertex 74.1348 58.3684 2
    endloop
  endfacet
  facet normal 0 0 1
    outer loop
      vertex 74 58.375 2
      vertex 74 55.625 2
      vertex 74.1348 55.6316 2
    endloop
  endfacet
  facet normal -0 0 1
    outer loop
      vertex 73.8652 58.3684 2
      vertex 74 55.625 2
      vertex 74 58.375 2
    endloop
  endfacet
  facet normal 0 0 1
    outer loop
      vertex 73.8652 58.3684 2
      vertex 73.8652 55.6316 2
      vertex 74 55.625 2
    endloop
  endfacet
  facet normal -0 0 1
    outer loop
      vertex 73.7318 58.3486 2
      vertex 73.8652 55.6316 2
      vertex 73.8652 58.3684 2
    endloop
  endfacet
  facet normal 0 0 1
    outer loop
      vertex 73.7318 58.3486 2
      vertex 73.7318 55.6514 2
      vertex 73.8652 55.6316 2
    endloop
  endfacet
  facet normal -0 0 1
    outer loop
      vertex 73.6009 58.3158 2
      vertex 73.7318 55.6514 2
      vertex 73.7318 58.3486 2
    endloop
  endfacet
  facet normal 0 0 1
    outer loop
      vertex 73.6009 58.3158 2
      vertex 73.6009 55.6842 2
      vertex 73.7318 55.6514 2
    endloop
  endfacet
  facet normal -0 0 1
    outer loop
      vertex 73.4738 58.2703 2
      vertex 73.6009 55.6842 2
      vertex 73.6009 58.3158 2
    endloop
  endfacet
  facet normal 0 0 1
    outer loop
      vertex 73.4738 58.2703 2
      vertex 73.4738 55.7297 2
      vertex 73.6009 55.6842 2
    endloop
  endfacet
  facet normal -0 0 1
    outer loop
      vertex 73.3518 58.2126 2
      vertex 73.4738 55.7297 2
      vertex 73.4738 58.2703 2
    endloop
  endfacet
  facet normal 0 0 1
    outer loop
      vertex 73.3518 58.2126 2
      vertex 73.3518 55.7874 2
      vertex 73.4738 55.7297 2
    endloop
  endfacet
  facet normal -0 0 1
    outer loop
      vertex 73.2361 58.1433 2
      vertex 73.3518 55.7874 2
      vertex 73.3518 58.2126 2
    endloop
  endfacet
  facet normal 0 0 1
    outer loop
      vertex 73.2361 58.1433 2
      vertex 73.2361 55.8567 2
      vertex 73.3518 55.7874 2
    endloop
  endfacet
  facet normal -0 0 1
    outer loop
      vertex 73.1277 58.0629 2
      vertex 73.2361 55.8567 2
      vertex 73.2361 58.1433 2
    endloop
  endfacet
  facet normal 0 0 1
    outer loop
      vertex 73.1277 58.0629 2
      vertex 73.1277 55.9371 2
      vertex 73.2361 55.8567 2
    endloop
  endfacet
  facet normal -0 0 1
    outer loop
      vertex 73.0277 57.9723 2
      vertex 73.1277 55.9371 2
      vertex 73.1277 58.0629 2
    endloop
  endfacet
  facet normal 0 0 1
    outer loop
      vertex 73.0277 57.9723 2
      vertex 73.0277 56.0277 2
      vertex 73.1277 55.9371 2
    endloop
  endfacet
  facet normal -0 0 1
    outer loop
      vertex 72.9371 57.8723 2
      vertex 73.0277 56.0277 2
      vertex 73.0277 57.9723 2
    endloop
  endfacet
  facet normal 0 0 1
    outer loop
      vertex 72.9371 57.8723 2
      vertex 72.9371 56.1277 2
      vertex 73.0277 56.0277 2
    endloop
  endfacet
  facet normal -0 0 1
    outer loop
      vertex 72.8567 57.7639 2
      vertex 72.9371 56.1277 2
      vertex 72.9371 57.8723 2
    endloop
  endfacet
  facet normal 0 0 1
    outer loop
      vertex 72.8567 57.7639 2
      vertex 72.8567 56.2361 2
      vertex 72.9371 56.1277 2
    endloop
  endfacet
  facet normal -0 0 1
    outer loop
      vertex 72.7874 57.6482 2
      vertex 72.8567 56.2361 2
      vertex 72.8567 57.7639 2
    endloop
  endfacet
  facet normal 0 0 1
    outer loop
      vertex 72.7874 57.6482 2
      vertex 72.7874 56.3518 2
      vertex 72.8567 56.2361 2
    endloop
  endfacet
  facet normal -0 0 1
    outer loop
      vertex 72.7297 57.5262 2
      vertex 72.7874 56.3518 2
      vertex 72.7874 57.6482 2
    endloop
  endfacet
  facet normal 0 0 1
    outer loop
      vertex 72.7297 57.5262 2
      vertex 72.7297 56.4738 2
      vertex 72.7874 56.3518 2
    endloop
  endfacet
  facet normal -0 0 1
    outer loop
      vertex 72.6842 57.3991 2
      vertex 72.7297 56.4738 2
      vertex 72.7297 57.5262 2
    endloop
  endfacet
  facet normal 0 0 1
    outer loop
      vertex 72.6842 57.3991 2
      vertex 72.6842 56.6009 2
      vertex 72.7297 56.4738 2
    endloop
  endfacet
  facet normal -0 0 1
    outer loop
      vertex 72.6514 57.2682 2
      vertex 72.6842 56.6009 2
      vertex 72.6842 57.3991 2
    endloop
  endfacet
  facet normal 0 0 1
    outer loop
      vertex 72.6514 57.2682 2
      vertex 72.6514 56.7318 2
      vertex 72.6842 56.6009 2
    endloop
  endfacet
  facet normal -0 0 1
    outer loop
      vertex 72.6316 57.1348 2
      vertex 72.6514 56.7318 2
      vertex 72.6514 57.2682 2
    endloop
  endfacet
  facet normal 0 0 1
    outer loop
      vertex 72.6316 57.1348 2
      vertex 72.6316 56.8652 2
      vertex 72.6514 56.7318 2
    endloop
  endfacet
  facet normal 0 -0 1
    outer loop
      vertex 72.6316 56.8652 2
      vertex 72.6316 57.1348 2
      vertex 72.625 57 2
    endloop
  endfacet
  facet normal 0 1 -0
    outer loop
      vertex 88 2 2
      vertex 2 2 28
      vertex 88 2 28
    endloop
  endfacet
  facet normal 0 1 0
    outer loop
      vertex 2 2 28
      vertex 88 2 2
      vertex 2 2 2
    endloop
  endfacet
  facet normal 0.671705 0.740819 -0
    outer loop
      vertex 18.2627 10.2627 2
      vertex 18.0301 10.4736 8
      vertex 18.2627 10.2627 8
    endloop
  endfacet
  facet normal 0.671705 0.740819 0
    outer loop
      vertex 18.0301 10.4736 8
      vertex 18.2627 10.2627 2
      vertex 18.0301 10.4736 2
    endloop
  endfacet
  facet normal -0.336881 0.941547 0
    outer loop
      vertex 15.0711 11.0622 2
      vertex 14.7754 10.9564 8
      vertex 15.0711 11.0622 8
    endloop
  endfacet
  facet normal -0.336881 0.941547 0
    outer loop
      vertex 14.7754 10.9564 8
      vertex 15.0711 11.0622 2
      vertex 14.7754 10.9564 2
    endloop
  endfacet
  facet normal -0.903947 0.427646 0
    outer loop
      vertex 13.0436 9.22459 2
      vertex 13.1779 9.50847 8
      vertex 13.1779 9.50847 2
    endloop
  endfacet
  facet normal -0.903947 0.427646 0
    outer loop
      vertex 13.1779 9.50847 8
      vertex 13.0436 9.22459 2
      vertex 13.0436 9.22459 8
    endloop
  endfacet
  facet normal 0.903947 -0.427646 0
    outer loop
      vertex 18.8221 6.49153 8
      vertex 18.9564 6.77541 2
      vertex 18.9564 6.77541 8
    endloop
  endfacet
  facet normal 0.903947 -0.427646 0
    outer loop
      vertex 18.9564 6.77541 2
      vertex 18.8221 6.49153 8
      vertex 18.8221 6.49153 2
    endloop
  endfacet
  facet normal -0.427517 -0.904007 0
    outer loop
      vertex 14.4915 5.17785 2
      vertex 14.7754 5.04359 8
      vertex 14.4915 5.17785 8
    endloop
  endfacet
  facet normal -0.427517 -0.904007 -0
    outer loop
      vertex 14.7754 5.04359 8
      vertex 14.4915 5.17785 2
      vertex 14.7754 5.04359 2
    endloop
  endfacet
  facet normal 0.94154 0.336901 0
    outer loop
      vertex 19.0622 8.92891 8
      vertex 18.9564 9.22459 2
      vertex 18.9564 9.22459 8
    endloop
  endfacet
  facet normal 0.94154 0.336901 0
    outer loop
      vertex 18.9564 9.22459 2
      vertex 19.0622 8.92891 8
      vertex 19.0622 8.92891 2
    endloop
  endfacet
  facet normal 0.989167 0.146796 0
    outer loop
      vertex 19.1846 8.31365 8
      vertex 19.1385 8.62429 2
      vertex 19.1385 8.62429 8
    endloop
  endfacet
  facet normal 0.989167 0.146796 0
    outer loop
      vertex 19.1385 8.62429 2
      vertex 19.1846 8.31365 8
      vertex 19.1846 8.31365 2
    endloop
  endfacet
  facet normal 0.903947 0.427646 0
    outer loop
      vertex 18.9564 9.22459 8
      vertex 18.8221 9.50847 2
      vertex 18.8221 9.50847 8
    endloop
  endfacet
  facet normal 0.903947 0.427646 0
    outer loop
      vertex 18.8221 9.50847 2
      vertex 18.9564 9.22459 8
      vertex 18.9564 9.22459 2
    endloop
  endfacet
  facet normal 0.427621 0.903958 -0
    outer loop
      vertex 17.5085 10.8221 2
      vertex 17.2246 10.9564 8
      vertex 17.5085 10.8221 8
    endloop
  endfacet
  facet normal 0.427621 0.903958 0
    outer loop
      vertex 17.2246 10.9564 8
      vertex 17.5085 10.8221 2
      vertex 17.2246 10.9564 2
    endloop
  endfacet
  facet normal 0.146814 0.989164 -0
    outer loop
      vertex 16.6243 11.1385 2
      vertex 16.3137 11.1846 8
      vertex 16.6243 11.1385 8
    endloop
  endfacet
  facet normal 0.146814 0.989164 0
    outer loop
      vertex 16.3137 11.1846 8
      vertex 16.6243 11.1385 2
      vertex 16.3137 11.1846 2
    endloop
  endfacet
  facet normal -0.989167 0.146796 0
    outer loop
      vertex 12.8154 8.31365 2
      vertex 12.8615 8.62429 8
      vertex 12.8615 8.62429 2
    endloop
  endfacet
  facet normal -0.989167 0.146796 0
    outer loop
      vertex 12.8615 8.62429 8
      vertex 12.8154 8.31365 2
      vertex 12.8154 8.31365 8
    endloop
  endfacet
  facet normal -0.740819 0.671705 0
    outer loop
      vertex 13.5264 10.0301 2
      vertex 13.7373 10.2627 8
      vertex 13.7373 10.2627 2
    endloop
  endfacet
  facet normal -0.740819 0.671705 0
    outer loop
      vertex 13.7373 10.2627 8
      vertex 13.5264 10.0301 2
      vertex 13.5264 10.0301 8
    endloop
  endfacet
  facet normal -0.146814 0.989164 0
    outer loop
      vertex 15.6863 11.1846 2
      vertex 15.3757 11.1385 8
      vertex 15.6863 11.1846 8
    endloop
  endfacet
  facet normal -0.146814 0.989164 0
    outer loop
      vertex 15.3757 11.1385 8
      vertex 15.6863 11.1846 2
      vertex 15.3757 11.1385 2
    endloop
  endfacet
  facet normal 0.989167 -0.146796 0
    outer loop
      vertex 19.1385 7.37571 8
      vertex 19.1846 7.68635 2
      vertex 19.1846 7.68635 8
    endloop
  endfacet
  facet normal 0.989167 -0.146796 0
    outer loop
      vertex 19.1846 7.68635 2
      vertex 19.1385 7.37571 8
      vertex 19.1385 7.37571 2
    endloop
  endfacet
  facet normal 0.740933 -0.671578 0
    outer loop
      vertex 18.2627 5.73726 8
      vertex 18.4736 5.96994 2
      vertex 18.4736 5.96994 8
    endloop
  endfacet
  facet normal 0.740933 -0.671578 0
    outer loop
      vertex 18.4736 5.96994 2
      vertex 18.2627 5.73726 8
      vertex 18.2627 5.73726 2
    endloop
  endfacet
  facet normal -0.146752 -0.989173 0
    outer loop
      vertex 15.3757 4.86149 2
      vertex 15.6863 4.81541 8
      vertex 15.3757 4.86149 8
    endloop
  endfacet
  facet normal -0.146752 -0.989173 -0
    outer loop
      vertex 15.6863 4.81541 8
      vertex 15.3757 4.86149 2
      vertex 15.6863 4.81541 2
    endloop
  endfacet
  facet normal -0.671688 -0.740834 0
    outer loop
      vertex 13.7373 5.73726 2
      vertex 13.9699 5.52637 8
      vertex 13.7373 5.73726 8
    endloop
  endfacet
  facet normal -0.671688 -0.740834 -0
    outer loop
      vertex 13.9699 5.52637 8
      vertex 13.7373 5.73726 2
      vertex 13.9699 5.52637 2
    endloop
  endfacet
  facet normal 0.970034 0.24297 0
    outer loop
      vertex 19.1385 8.62429 8
      vertex 19.0622 8.92891 2
      vertex 19.0622 8.92891 8
    endloop
  endfacet
  facet normal 0.970034 0.24297 0
    outer loop
      vertex 19.0622 8.92891 2
      vertex 19.1385 8.62429 8
      vertex 19.1385 8.62429 2
    endloop
  endfacet
  facet normal 0.803213 0.595692 0
    outer loop
      vertex 18.6607 9.77782 8
      vertex 18.4736 10.0301 2
      vertex 18.4736 10.0301 8
    endloop
  endfacet
  facet normal 0.803213 0.595692 0
    outer loop
      vertex 18.4736 10.0301 2
      vertex 18.6607 9.77782 8
      vertex 18.6607 9.77782 2
    endloop
  endfacet
  facet normal 0.857788 0.514004 0
    outer loop
      vertex 18.8221 9.50847 8
      vertex 18.6607 9.77782 2
      vertex 18.6607 9.77782 8
    endloop
  endfacet
  facet normal 0.857788 0.514004 0
    outer loop
      vertex 18.6607 9.77782 2
      vertex 18.8221 9.50847 8
      vertex 18.8221 9.50847 2
    endloop
  endfacet
  facet normal 0.740819 0.671705 0
    outer loop
      vertex 18.4736 10.0301 8
      vertex 18.2627 10.2627 2
      vertex 18.2627 10.2627 8
    endloop
  endfacet
  facet normal 0.740819 0.671705 0
    outer loop
      vertex 18.2627 10.2627 2
      vertex 18.4736 10.0301 8
      vertex 18.4736 10.0301 2
    endloop
  endfacet
  facet normal 0.595661 0.803236 -0
    outer loop
      vertex 18.0301 10.4736 2
      vertex 17.7778 10.6607 8
      vertex 18.0301 10.4736 8
    endloop
  endfacet
  facet normal 0.595661 0.803236 0
    outer loop
      vertex 17.7778 10.6607 8
      vertex 18.0301 10.4736 2
      vertex 17.7778 10.6607 2
    endloop
  endfacet
  facet normal 0.0490324 0.998797 -0
    outer loop
      vertex 16.3137 11.1846 2
      vertex 16 11.2 8
      vertex 16.3137 11.1846 8
    endloop
  endfacet
  facet normal 0.0490324 0.998797 0
    outer loop
      vertex 16 11.2 8
      vertex 16.3137 11.1846 2
      vertex 16 11.2 2
    endloop
  endfacet
  facet normal 0.514074 0.857746 -0
    outer loop
      vertex 17.7778 10.6607 2
      vertex 17.5085 10.8221 8
      vertex 17.7778 10.6607 8
    endloop
  endfacet
  facet normal 0.514074 0.857746 0
    outer loop
      vertex 17.5085 10.8221 8
      vertex 17.7778 10.6607 2
      vertex 17.5085 10.8221 2
    endloop
  endfacet
  facet normal 0.336881 0.941547 -0
    outer loop
      vertex 17.2246 10.9564 2
      vertex 16.9289 11.0622 8
      vertex 17.2246 10.9564 8
    endloop
  endfacet
  facet normal 0.336881 0.941547 0
    outer loop
      vertex 16.9289 11.0622 8
      vertex 17.2246 10.9564 2
      vertex 16.9289 11.0622 2
    endloop
  endfacet
  facet normal 0.242985 0.97003 -0
    outer loop
      vertex 16.9289 11.0622 2
      vertex 16.6243 11.1385 8
      vertex 16.9289 11.0622 8
    endloop
  endfacet
  facet normal 0.242985 0.97003 0
    outer loop
      vertex 16.6243 11.1385 8
      vertex 16.9289 11.0622 2
      vertex 16.6243 11.1385 2
    endloop
  endfacet
  facet normal -0.998797 0.0490402 0
    outer loop
      vertex 12.8 8 2
      vertex 12.8154 8.31365 8
      vertex 12.8154 8.31365 2
    endloop
  endfacet
  facet normal -0.998797 0.0490402 0
    outer loop
      vertex 12.8154 8.31365 8
      vertex 12.8 8 2
      vertex 12.8 8 8
    endloop
  endfacet
  facet normal -0.94154 0.336901 0
    outer loop
      vertex 12.9378 8.92891 2
      vertex 13.0436 9.22459 8
      vertex 13.0436 9.22459 2
    endloop
  endfacet
  facet normal -0.94154 0.336901 0
    outer loop
      vertex 13.0436 9.22459 8
      vertex 12.9378 8.92891 2
      vertex 12.9378 8.92891 8
    endloop
  endfacet
  facet normal -0.970034 0.24297 0
    outer loop
      vertex 12.8615 8.62429 2
      vertex 12.9378 8.92891 8
      vertex 12.9378 8.92891 2
    endloop
  endfacet
  facet normal -0.970034 0.24297 0
    outer loop
      vertex 12.9378 8.92891 8
      vertex 12.8615 8.62429 2
      vertex 12.8615 8.62429 8
    endloop
  endfacet
  facet normal -0.857788 0.514004 0
    outer loop
      vertex 13.1779 9.50847 2
      vertex 13.3393 9.77782 8
      vertex 13.3393 9.77782 2
    endloop
  endfacet
  facet normal -0.857788 0.514004 0
    outer loop
      vertex 13.3393 9.77782 8
      vertex 13.1779 9.50847 2
      vertex 13.1779 9.50847 8
    endloop
  endfacet
  facet normal -0.803213 0.595692 0
    outer loop
      vertex 13.3393 9.77782 2
      vertex 13.5264 10.0301 8
      vertex 13.5264 10.0301 2
    endloop
  endfacet
  facet normal -0.803213 0.595692 0
    outer loop
      vertex 13.5264 10.0301 8
      vertex 13.3393 9.77782 2
      vertex 13.3393 9.77782 8
    endloop
  endfacet
  facet normal -0.242985 0.97003 0
    outer loop
      vertex 15.3757 11.1385 2
      vertex 15.0711 11.0622 8
      vertex 15.3757 11.1385 8
    endloop
  endfacet
  facet normal -0.242985 0.97003 0
    outer loop
      vertex 15.0711 11.0622 8
      vertex 15.3757 11.1385 2
      vertex 15.0711 11.0622 2
    endloop
  endfacet
  facet normal -0.0490324 0.998797 0
    outer loop
      vertex 16 11.2 2
      vertex 15.6863 11.1846 8
      vertex 16 11.2 8
    endloop
  endfacet
  facet normal -0.0490324 0.998797 0
    outer loop
      vertex 15.6863 11.1846 8
      vertex 16 11.2 2
      vertex 15.6863 11.1846 2
    endloop
  endfacet
  facet normal -0.514074 0.857746 0
    outer loop
      vertex 14.4915 10.8221 2
      vertex 14.2222 10.6607 8
      vertex 14.4915 10.8221 8
    endloop
  endfacet
  facet normal -0.514074 0.857746 0
    outer loop
      vertex 14.2222 10.6607 8
      vertex 14.4915 10.8221 2
      vertex 14.2222 10.6607 2
    endloop
  endfacet
  facet normal -0.595661 0.803236 0
    outer loop
      vertex 14.2222 10.6607 2
      vertex 13.9699 10.4736 8
      vertex 14.2222 10.6607 8
    endloop
  endfacet
  facet normal -0.595661 0.803236 0
    outer loop
      vertex 13.9699 10.4736 8
      vertex 14.2222 10.6607 2
      vertex 13.9699 10.4736 2
    endloop
  endfacet
  facet normal -0.427621 0.903958 0
    outer loop
      vertex 14.7754 10.9564 2
      vertex 14.4915 10.8221 8
      vertex 14.7754 10.9564 8
    endloop
  endfacet
  facet normal -0.427621 0.903958 0
    outer loop
      vertex 14.4915 10.8221 8
      vertex 14.7754 10.9564 2
      vertex 14.4915 10.8221 2
    endloop
  endfacet
  facet normal -0.671705 0.740819 0
    outer loop
      vertex 13.9699 10.4736 2
      vertex 13.7373 10.2627 8
      vertex 13.9699 10.4736 8
    endloop
  endfacet
  facet normal -0.671705 0.740819 0
    outer loop
      vertex 13.7373 10.2627 8
      vertex 13.9699 10.4736 2
      vertex 13.7373 10.2627 2
    endloop
  endfacet
  facet normal 0.998797 0.0490402 0
    outer loop
      vertex 19.2 8 8
      vertex 19.1846 8.31365 2
      vertex 19.1846 8.31365 8
    endloop
  endfacet
  facet normal 0.998797 0.0490402 0
    outer loop
      vertex 19.1846 8.31365 2
      vertex 19.2 8 8
      vertex 19.2 8 2
    endloop
  endfacet
  facet normal 0.0490642 -0.998796 0
    outer loop
      vertex 16 4.8 2
      vertex 16.3137 4.81541 8
      vertex 16 4.8 8
    endloop
  endfacet
  facet normal 0.0490642 -0.998796 0
    outer loop
      vertex 16.3137 4.81541 8
      vertex 16 4.8 2
      vertex 16.3137 4.81541 2
    endloop
  endfacet
  facet normal 0.94154 -0.336901 0
    outer loop
      vertex 18.9564 6.77541 8
      vertex 19.0622 7.07109 2
      vertex 19.0622 7.07109 8
    endloop
  endfacet
  facet normal 0.94154 -0.336901 0
    outer loop
      vertex 19.0622 7.07109 2
      vertex 18.9564 6.77541 8
      vertex 18.9564 6.77541 2
    endloop
  endfacet
  facet normal 0.146752 -0.989173 0
    outer loop
      vertex 16.3137 4.81541 2
      vertex 16.6243 4.86149 8
      vertex 16.3137 4.81541 8
    endloop
  endfacet
  facet normal 0.146752 -0.989173 0
    outer loop
      vertex 16.6243 4.86149 8
      vertex 16.3137 4.81541 2
      vertex 16.6243 4.86149 2
    endloop
  endfacet
  facet normal 0.242985 -0.97003 0
    outer loop
      vertex 16.6243 4.86149 2
      vertex 16.9289 4.93779 8
      vertex 16.6243 4.86149 8
    endloop
  endfacet
  facet normal 0.242985 -0.97003 0
    outer loop
      vertex 16.9289 4.93779 8
      vertex 16.6243 4.86149 2
      vertex 16.9289 4.93779 2
    endloop
  endfacet
  facet normal 0.5956 -0.803281 0
    outer loop
      vertex 17.7778 5.3393 2
      vertex 18.0301 5.52637 8
      vertex 17.7778 5.3393 8
    endloop
  endfacet
  facet normal 0.5956 -0.803281 0
    outer loop
      vertex 18.0301 5.52637 8
      vertex 17.7778 5.3393 2
      vertex 18.0301 5.52637 2
    endloop
  endfacet
  facet normal 0.427517 -0.904007 0
    outer loop
      vertex 17.2246 5.04359 2
      vertex 17.5085 5.17785 8
      vertex 17.2246 5.04359 8
    endloop
  endfacet
  facet normal 0.427517 -0.904007 0
    outer loop
      vertex 17.5085 5.17785 8
      vertex 17.2246 5.04359 2
      vertex 17.5085 5.17785 2
    endloop
  endfacet
  facet normal 0.857788 -0.514004 0
    outer loop
      vertex 18.6607 6.22218 8
      vertex 18.8221 6.49153 2
      vertex 18.8221 6.49153 8
    endloop
  endfacet
  facet normal 0.857788 -0.514004 0
    outer loop
      vertex 18.8221 6.49153 2
      vertex 18.6607 6.22218 8
      vertex 18.6607 6.22218 2
    endloop
  endfacet
  facet normal -0.0490642 -0.998796 0
    outer loop
      vertex 15.6863 4.81541 2
      vertex 16 4.8 8
      vertex 15.6863 4.81541 8
    endloop
  endfacet
  facet normal -0.0490642 -0.998796 -0
    outer loop
      vertex 16 4.8 8
      vertex 15.6863 4.81541 2
      vertex 16 4.8 2
    endloop
  endfacet
  facet normal -0.336881 -0.941547 0
    outer loop
      vertex 14.7754 5.04359 2
      vertex 15.0711 4.93779 8
      vertex 14.7754 5.04359 8
    endloop
  endfacet
  facet normal -0.336881 -0.941547 -0
    outer loop
      vertex 15.0711 4.93779 8
      vertex 14.7754 5.04359 2
      vertex 15.0711 4.93779 2
    endloop
  endfacet
  facet normal -0.514191 -0.857676 0
    outer loop
      vertex 14.2222 5.3393 2
      vertex 14.4915 5.17785 8
      vertex 14.2222 5.3393 8
    endloop
  endfacet
  facet normal -0.514191 -0.857676 -0
    outer loop
      vertex 14.4915 5.17785 8
      vertex 14.2222 5.3393 2
      vertex 14.4915 5.17785 2
    endloop
  endfacet
  facet normal -0.998797 -0.0490402 0
    outer loop
      vertex 12.8154 7.68635 2
      vertex 12.8 8 8
      vertex 12.8 8 2
    endloop
  endfacet
  facet normal -0.998797 -0.0490402 0
    outer loop
      vertex 12.8 8 8
      vertex 12.8154 7.68635 2
      vertex 12.8154 7.68635 8
    endloop
  endfacet
  facet normal -0.970034 -0.24297 0
    outer loop
      vertex 12.9378 7.07109 2
      vertex 12.8615 7.37571 8
      vertex 12.8615 7.37571 2
    endloop
  endfacet
  facet normal -0.970034 -0.24297 0
    outer loop
      vertex 12.8615 7.37571 8
      vertex 12.9378 7.07109 2
      vertex 12.9378 7.07109 8
    endloop
  endfacet
  facet normal -0.989167 -0.146796 0
    outer loop
      vertex 12.8615 7.37571 2
      vertex 12.8154 7.68635 8
      vertex 12.8154 7.68635 2
    endloop
  endfacet
  facet normal -0.989167 -0.146796 0
    outer loop
      vertex 12.8154 7.68635 8
      vertex 12.8615 7.37571 2
      vertex 12.8615 7.37571 8
    endloop
  endfacet
  facet normal -0.803168 -0.595753 0
    outer loop
      vertex 13.5264 5.96994 2
      vertex 13.3393 6.22218 8
      vertex 13.3393 6.22218 2
    endloop
  endfacet
  facet normal -0.803168 -0.595753 0
    outer loop
      vertex 13.3393 6.22218 8
      vertex 13.5264 5.96994 2
      vertex 13.5264 5.96994 8
    endloop
  endfacet
  facet normal -0.903947 -0.427646 0
    outer loop
      vertex 13.1779 6.49153 2
      vertex 13.0436 6.77541 8
      vertex 13.0436 6.77541 2
    endloop
  endfacet
  facet normal -0.903947 -0.427646 0
    outer loop
      vertex 13.0436 6.77541 8
      vertex 13.1779 6.49153 2
      vertex 13.1779 6.49153 8
    endloop
  endfacet
  facet normal -0.740933 -0.671578 0
    outer loop
      vertex 13.7373 5.73726 2
      vertex 13.5264 5.96994 8
      vertex 13.5264 5.96994 2
    endloop
  endfacet
  facet normal -0.740933 -0.671578 0
    outer loop
      vertex 13.5264 5.96994 8
      vertex 13.7373 5.73726 2
      vertex 13.7373 5.73726 8
    endloop
  endfacet
  facet normal 0 0 1
    outer loop
      vertex 17.375 8 8
      vertex 19.2 8 8
      vertex 19.1846 8.31365 8
    endloop
  endfacet
  facet normal 0 0 1
    outer loop
      vertex 17.3684 8.13477 8
      vertex 19.1846 8.31365 8
      vertex 19.1385 8.62429 8
    endloop
  endfacet
  facet normal 0 0 1
    outer loop
      vertex 19.2 8 8
      vertex 17.375 8 8
      vertex 19.1846 7.68635 8
    endloop
  endfacet
  facet normal 0 0 1
    outer loop
      vertex 17.3486 8.26825 8
      vertex 19.1385 8.62429 8
      vertex 19.0622 8.92891 8
    endloop
  endfacet
  facet normal -0 0 1
    outer loop
      vertex 17.3684 7.86523 8
      vertex 19.1846 7.68635 8
      vertex 17.375 8 8
    endloop
  endfacet
  facet normal 0 0 1
    outer loop
      vertex 17.3158 8.39914 8
      vertex 19.0622 8.92891 8
      vertex 18.9564 9.22459 8
    endloop
  endfacet
  facet normal 0 0 1
    outer loop
      vertex 19.1846 7.68635 8
      vertex 17.3684 7.86523 8
      vertex 19.1385 7.37571 8
    endloop
  endfacet
  facet normal 0 0 1
    outer loop
      vertex 17.2703 8.52619 8
      vertex 18.9564 9.22459 8
      vertex 18.8221 9.50847 8
    endloop
  endfacet
  facet normal -0 0 1
    outer loop
      vertex 17.3486 7.73175 8
      vertex 19.1385 7.37571 8
      vertex 17.3684 7.86523 8
    endloop
  endfacet
  facet normal 0 0 1
    outer loop
      vertex 17.2126 8.64817 8
      vertex 18.8221 9.50847 8
      vertex 18.6607 9.77782 8
    endloop
  endfacet
  facet normal 0 0 1
    outer loop
      vertex 19.1385 7.37571 8
      vertex 17.3486 7.73175 8
      vertex 19.0622 7.07109 8
    endloop
  endfacet
  facet normal 0 0 1
    outer loop
      vertex 17.1433 8.76391 8
      vertex 18.6607 9.77782 8
      vertex 18.4736 10.0301 8
    endloop
  endfacet
  facet normal -0 0 1
    outer loop
      vertex 17.3158 7.60086 8
      vertex 19.0622 7.07109 8
      vertex 17.3486 7.73175 8
    endloop
  endfacet
  facet normal 0 0 1
    outer loop
      vertex 17.0629 8.87229 8
      vertex 18.4736 10.0301 8
      vertex 18.2627 10.2627 8
    endloop
  endfacet
  facet normal 0 0 1
    outer loop
      vertex 19.0622 7.07109 8
      vertex 17.3158 7.60086 8
      vertex 18.9564 6.77541 8
    endloop
  endfacet
  facet normal 0 0 1
    outer loop
      vertex 16.9723 8.97227 8
      vertex 18.2627 10.2627 8
      vertex 18.0301 10.4736 8
    endloop
  endfacet
  facet normal -0 0 1
    outer loop
      vertex 17.2703 7.47381 8
      vertex 18.9564 6.77541 8
      vertex 17.3158 7.60086 8
    endloop
  endfacet
  facet normal 0 0 1
    outer loop
      vertex 16.8723 9.06289 8
      vertex 18.0301 10.4736 8
      vertex 17.7778 10.6607 8
    endloop
  endfacet
  facet normal 0 0 1
    outer loop
      vertex 18.9564 6.77541 8
      vertex 17.2703 7.47381 8
      vertex 18.8221 6.49153 8
    endloop
  endfacet
  facet normal 0 0 1
    outer loop
      vertex 16.7639 9.14327 8
      vertex 17.7778 10.6607 8
      vertex 17.5085 10.8221 8
    endloop
  endfacet
  facet normal -0 0 1
    outer loop
      vertex 17.2126 7.35183 8
      vertex 18.8221 6.49153 8
      vertex 17.2703 7.47381 8
    endloop
  endfacet
  facet normal 0 0 1
    outer loop
      vertex 18.8221 6.49153 8
      vertex 17.2126 7.35183 8
      vertex 18.6607 6.22218 8
    endloop
  endfacet
  facet normal 0 0 1
    outer loop
      vertex 19.1846 8.31365 8
      vertex 17.3684 8.13477 8
      vertex 17.375 8 8
    endloop
  endfacet
  facet normal 0 0 1
    outer loop
      vertex 19.1385 8.62429 8
      vertex 17.3486 8.26825 8
      vertex 17.3684 8.13477 8
    endloop
  endfacet
  facet normal 0 0 1
    outer loop
      vertex 19.0622 8.92891 8
      vertex 17.3158 8.39914 8
      vertex 17.3486 8.26825 8
    endloop
  endfacet
  facet normal 0 0 1
    outer loop
      vertex 18.9564 9.22459 8
      vertex 17.2703 8.52619 8
      vertex 17.3158 8.39914 8
    endloop
  endfacet
  facet normal 0 0 1
    outer loop
      vertex 16.6482 9.21264 8
      vertex 17.5085 10.8221 8
      vertex 17.2246 10.9564 8
    endloop
  endfacet
  facet normal 0 0 1
    outer loop
      vertex 18.8221 9.50847 8
      vertex 17.2126 8.64817 8
      vertex 17.2703 8.52619 8
    endloop
  endfacet
  facet normal 0 0 1
    outer loop
      vertex 18.6607 9.77782 8
      vertex 17.1433 8.76391 8
      vertex 17.2126 8.64817 8
    endloop
  endfacet
  facet normal 0 0 1
    outer loop
      vertex 18.4736 10.0301 8
      vertex 17.0629 8.87229 8
      vertex 17.1433 8.76391 8
    endloop
  endfacet
  facet normal 0 0 1
    outer loop
      vertex 18.2627 10.2627 8
      vertex 16.9723 8.97227 8
      vertex 17.0629 8.87229 8
    endloop
  endfacet
  facet normal 0 0 1
    outer loop
      vertex 16.5262 9.27033 8
      vertex 17.2246 10.9564 8
      vertex 16.9289 11.0622 8
    endloop
  endfacet
  facet normal 0 0 1
    outer loop
      vertex 18.0301 10.4736 8
      vertex 16.8723 9.06289 8
      vertex 16.9723 8.97227 8
    endloop
  endfacet
  facet normal 0 0 1
    outer loop
      vertex 17.7778 10.6607 8
      vertex 16.7639 9.14327 8
      vertex 16.8723 9.06289 8
    endloop
  endfacet
  facet normal 0 0 1
    outer loop
      vertex 17.5085 10.8221 8
      vertex 16.6482 9.21264 8
      vertex 16.7639 9.14327 8
    endloop
  endfacet
  facet normal 0 0 1
    outer loop
      vertex 16.3991 9.31579 8
      vertex 16.9289 11.0622 8
      vertex 16.6243 11.1385 8
    endloop
  endfacet
  facet normal 0 0 1
    outer loop
      vertex 17.2246 10.9564 8
      vertex 16.5262 9.27033 8
      vertex 16.6482 9.21264 8
    endloop
  endfacet
  facet normal 0 0 1
    outer loop
      vertex 16.9289 11.0622 8
      vertex 16.3991 9.31579 8
      vertex 16.5262 9.27033 8
    endloop
  endfacet
  facet normal 0 0 1
    outer loop
      vertex 16.2682 9.34858 8
      vertex 16.6243 11.1385 8
      vertex 16.3137 11.1846 8
    endloop
  endfacet
  facet normal 0 0 1
    outer loop
      vertex 16.6243 11.1385 8
      vertex 16.2682 9.34858 8
      vertex 16.3991 9.31579 8
    endloop
  endfacet
  facet normal 0 0 1
    outer loop
      vertex 16.3137 11.1846 8
      vertex 16.1348 9.36838 8
      vertex 16.2682 9.34858 8
    endloop
  endfacet
  facet normal 0 0 1
    outer loop
      vertex 16 11.2 8
      vertex 16.1348 9.36838 8
      vertex 16.3137 11.1846 8
    endloop
  endfacet
  facet normal 0 0 1
    outer loop
      vertex 16 11.2 8
      vertex 16 9.375 8
      vertex 16.1348 9.36838 8
    endloop
  endfacet
  facet normal 0 0 1
    outer loop
      vertex 16 11.2 8
      vertex 15.8652 9.36838 8
      vertex 16 9.375 8
    endloop
  endfacet
  facet normal -0 0 1
    outer loop
      vertex 15.6863 11.1846 8
      vertex 15.8652 9.36838 8
      vertex 16 11.2 8
    endloop
  endfacet
  facet normal 0 0 1
    outer loop
      vertex 15.8652 9.36838 8
      vertex 15.6863 11.1846 8
      vertex 15.7318 9.34858 8
    endloop
  endfacet
  facet normal -0 0 1
    outer loop
      vertex 15.3757 11.1385 8
      vertex 15.7318 9.34858 8
      vertex 15.6863 11.1846 8
    endloop
  endfacet
  facet normal 0 0 1
    outer loop
      vertex 15.7318 9.34858 8
      vertex 15.3757 11.1385 8
      vertex 15.6009 9.31579 8
    endloop
  endfacet
  facet normal -0 0 1
    outer loop
      vertex 15.0711 11.0622 8
      vertex 15.6009 9.31579 8
      vertex 15.3757 11.1385 8
    endloop
  endfacet
  facet normal 0 0 1
    outer loop
      vertex 15.6009 9.31579 8
      vertex 15.0711 11.0622 8
      vertex 15.4738 9.27033 8
    endloop
  endfacet
  facet normal -0 0 1
    outer loop
      vertex 14.7754 10.9564 8
      vertex 15.4738 9.27033 8
      vertex 15.0711 11.0622 8
    endloop
  endfacet
  facet normal 0 0 1
    outer loop
      vertex 15.4738 9.27033 8
      vertex 14.7754 10.9564 8
      vertex 15.3518 9.21264 8
    endloop
  endfacet
  facet normal -0 0 1
    outer loop
      vertex 14.4915 10.8221 8
      vertex 15.3518 9.21264 8
      vertex 14.7754 10.9564 8
    endloop
  endfacet
  facet normal 0 0 1
    outer loop
      vertex 15.3518 9.21264 8
      vertex 14.4915 10.8221 8
      vertex 15.2361 9.14327 8
    endloop
  endfacet
  facet normal -0 0 1
    outer loop
      vertex 14.2222 10.6607 8
      vertex 15.2361 9.14327 8
      vertex 14.4915 10.8221 8
    endloop
  endfacet
  facet normal 0 0 1
    outer loop
      vertex 15.2361 9.14327 8
      vertex 14.2222 10.6607 8
      vertex 15.1277 9.06289 8
    endloop
  endfacet
  facet normal -0 0 1
    outer loop
      vertex 13.9699 10.4736 8
      vertex 15.1277 9.06289 8
      vertex 14.2222 10.6607 8
    endloop
  endfacet
  facet normal 0 0 1
    outer loop
      vertex 15.1277 9.06289 8
      vertex 13.9699 10.4736 8
      vertex 15.0277 8.97227 8
    endloop
  endfacet
  facet normal -0 0 1
    outer loop
      vertex 13.7373 10.2627 8
      vertex 15.0277 8.97227 8
      vertex 13.9699 10.4736 8
    endloop
  endfacet
  facet normal 0 0 1
    outer loop
      vertex 15.0277 8.97227 8
      vertex 13.7373 10.2627 8
      vertex 14.9371 8.87229 8
    endloop
  endfacet
  facet normal -0 0 1
    outer loop
      vertex 13.5264 10.0301 8
      vertex 14.9371 8.87229 8
      vertex 13.7373 10.2627 8
    endloop
  endfacet
  facet normal 0 0 1
    outer loop
      vertex 14.9371 8.87229 8
      vertex 13.5264 10.0301 8
      vertex 14.8567 8.76391 8
    endloop
  endfacet
  facet normal 0 0 1
    outer loop
      vertex 14.8567 8.76391 8
      vertex 13.3393 9.77782 8
      vertex 14.7874 8.64817 8
    endloop
  endfacet
  facet normal -0 0 1
    outer loop
      vertex 13.3393 9.77782 8
      vertex 14.8567 8.76391 8
      vertex 13.5264 10.0301 8
    endloop
  endfacet
  facet normal -0 0 1
    outer loop
      vertex 17.1433 7.23609 8
      vertex 18.6607 6.22218 8
      vertex 17.2126 7.35183 8
    endloop
  endfacet
  facet normal 0 0 1
    outer loop
      vertex 18.6607 6.22218 8
      vertex 17.1433 7.23609 8
      vertex 18.4736 5.96994 8
    endloop
  endfacet
  facet normal -0 0 1
    outer loop
      vertex 17.0629 7.12771 8
      vertex 18.4736 5.96994 8
      vertex 17.1433 7.23609 8
    endloop
  endfacet
  facet normal 0 0 1
    outer loop
      vertex 18.4736 5.96994 8
      vertex 17.0629 7.12771 8
      vertex 18.2627 5.73726 8
    endloop
  endfacet
  facet normal -0 0 1
    outer loop
      vertex 16.9723 7.02773 8
      vertex 18.2627 5.73726 8
      vertex 17.0629 7.12771 8
    endloop
  endfacet
  facet normal 0 0 1
    outer loop
      vertex 18.2627 5.73726 8
      vertex 16.9723 7.02773 8
      vertex 18.0301 5.52637 8
    endloop
  endfacet
  facet normal -0 0 1
    outer loop
      vertex 16.8723 6.93711 8
      vertex 18.0301 5.52637 8
      vertex 16.9723 7.02773 8
    endloop
  endfacet
  facet normal 0 0 1
    outer loop
      vertex 18.0301 5.52637 8
      vertex 16.8723 6.93711 8
      vertex 17.7778 5.3393 8
    endloop
  endfacet
  facet normal -0 0 1
    outer loop
      vertex 16.7639 6.85673 8
      vertex 17.7778 5.3393 8
      vertex 16.8723 6.93711 8
    endloop
  endfacet
  facet normal 0 0 1
    outer loop
      vertex 17.7778 5.3393 8
      vertex 16.7639 6.85673 8
      vertex 17.5085 5.17785 8
    endloop
  endfacet
  facet normal -0 0 1
    outer loop
      vertex 16.6482 6.78736 8
      vertex 17.5085 5.17785 8
      vertex 16.7639 6.85673 8
    endloop
  endfacet
  facet normal 0 0 1
    outer loop
      vertex 17.5085 5.17785 8
      vertex 16.6482 6.78736 8
      vertex 17.2246 5.04359 8
    endloop
  endfacet
  facet normal -0 0 1
    outer loop
      vertex 16.5262 6.72967 8
      vertex 17.2246 5.04359 8
      vertex 16.6482 6.78736 8
    endloop
  endfacet
  facet normal 0 0 1
    outer loop
      vertex 17.2246 5.04359 8
      vertex 16.5262 6.72967 8
      vertex 16.9289 4.93779 8
    endloop
  endfacet
  facet normal -0 0 1
    outer loop
      vertex 16.3991 6.68421 8
      vertex 16.9289 4.93779 8
      vertex 16.5262 6.72967 8
    endloop
  endfacet
  facet normal 0 0 1
    outer loop
      vertex 16.9289 4.93779 8
      vertex 16.3991 6.68421 8
      vertex 16.6243 4.86149 8
    endloop
  endfacet
  facet normal -0 0 1
    outer loop
      vertex 16.2682 6.65142 8
      vertex 16.6243 4.86149 8
      vertex 16.3991 6.68421 8
    endloop
  endfacet
  facet normal 0 0 1
    outer loop
      vertex 16.6243 4.86149 8
      vertex 16.2682 6.65142 8
      vertex 16.3137 4.81541 8
    endloop
  endfacet
  facet normal -0 0 1
    outer loop
      vertex 16.1348 6.63162 8
      vertex 16.3137 4.81541 8
      vertex 16.2682 6.65142 8
    endloop
  endfacet
  facet normal -0 0 1
    outer loop
      vertex 16 6.625 8
      vertex 16.3137 4.81541 8
      vertex 16.1348 6.63162 8
    endloop
  endfacet
  facet normal 0 0 1
    outer loop
      vertex 16 6.625 8
      vertex 16 4.8 8
      vertex 16.3137 4.81541 8
    endloop
  endfacet
  facet normal 0 0 1
    outer loop
      vertex 15.8652 6.63162 8
      vertex 16 4.8 8
      vertex 16 6.625 8
    endloop
  endfacet
  facet normal 0 0 1
    outer loop
      vertex 15.6863 4.81541 8
      vertex 15.8652 6.63162 8
      vertex 15.7318 6.65142 8
    endloop
  endfacet
  facet normal 0 0 1
    outer loop
      vertex 15.8652 6.63162 8
      vertex 15.6863 4.81541 8
      vertex 16 4.8 8
    endloop
  endfacet
  facet normal 0 0 1
    outer loop
      vertex 15.3757 4.86149 8
      vertex 15.7318 6.65142 8
      vertex 15.6009 6.68421 8
    endloop
  endfacet
  facet normal 0 0 1
    outer loop
      vertex 15.0711 4.93779 8
      vertex 15.6009 6.68421 8
      vertex 15.4738 6.72967 8
    endloop
  endfacet
  facet normal 0 0 1
    outer loop
      vertex 15.7318 6.65142 8
      vertex 15.3757 4.86149 8
      vertex 15.6863 4.81541 8
    endloop
  endfacet
  facet normal 0 0 1
    outer loop
      vertex 14.7754 5.04359 8
      vertex 15.4738 6.72967 8
      vertex 15.3518 6.78736 8
    endloop
  endfacet
  facet normal 0 0 1
    outer loop
      vertex 14.4915 5.17785 8
      vertex 15.3518 6.78736 8
      vertex 15.2361 6.85673 8
    endloop
  endfacet
  facet normal 0 0 1
    outer loop
      vertex 14.2222 5.3393 8
      vertex 15.2361 6.85673 8
      vertex 15.1277 6.93711 8
    endloop
  endfacet
  facet normal 0 0 1
    outer loop
      vertex 15.6009 6.68421 8
      vertex 15.0711 4.93779 8
      vertex 15.3757 4.86149 8
    endloop
  endfacet
  facet normal 0 0 1
    outer loop
      vertex 13.9699 5.52637 8
      vertex 15.1277 6.93711 8
      vertex 15.0277 7.02773 8
    endloop
  endfacet
  facet normal 0 0 1
    outer loop
      vertex 13.7373 5.73726 8
      vertex 15.0277 7.02773 8
      vertex 14.9371 7.12771 8
    endloop
  endfacet
  facet normal 0 0 1
    outer loop
      vertex 13.5264 5.96994 8
      vertex 14.9371 7.12771 8
      vertex 14.8567 7.23609 8
    endloop
  endfacet
  facet normal 0 0 1
    outer loop
      vertex 13.3393 6.22218 8
      vertex 14.8567 7.23609 8
      vertex 14.7874 7.35183 8
    endloop
  endfacet
  facet normal 0 0 1
    outer loop
      vertex 15.4738 6.72967 8
      vertex 14.7754 5.04359 8
      vertex 15.0711 4.93779 8
    endloop
  endfacet
  facet normal 0 0 1
    outer loop
      vertex 13.1779 6.49153 8
      vertex 14.7874 7.35183 8
      vertex 14.7297 7.47381 8
    endloop
  endfacet
  facet normal 0 0 1
    outer loop
      vertex 13.0436 6.77541 8
      vertex 14.7297 7.47381 8
      vertex 14.6842 7.60086 8
    endloop
  endfacet
  facet normal 0 0 1
    outer loop
      vertex 12.9378 7.07109 8
      vertex 14.6842 7.60086 8
      vertex 14.6514 7.73175 8
    endloop
  endfacet
  facet normal 0 0 1
    outer loop
      vertex 12.8615 7.37571 8
      vertex 14.6514 7.73175 8
      vertex 14.6316 7.86523 8
    endloop
  endfacet
  facet normal 0 0 1
    outer loop
      vertex 15.3518 6.78736 8
      vertex 14.4915 5.17785 8
      vertex 14.7754 5.04359 8
    endloop
  endfacet
  facet normal 0 0 1
    outer loop
      vertex 12.8154 7.68635 8
      vertex 14.6316 7.86523 8
      vertex 14.625 8 8
    endloop
  endfacet
  facet normal -0 0 1
    outer loop
      vertex 13.1779 9.50847 8
      vertex 14.7874 8.64817 8
      vertex 13.3393 9.77782 8
    endloop
  endfacet
  facet normal 0 0 1
    outer loop
      vertex 14.7874 8.64817 8
      vertex 13.1779 9.50847 8
      vertex 14.7297 8.52619 8
    endloop
  endfacet
  facet normal 0 0 1
    outer loop
      vertex 15.2361 6.85673 8
      vertex 14.2222 5.3393 8
      vertex 14.4915 5.17785 8
    endloop
  endfacet
  facet normal -0 0 1
    outer loop
      vertex 13.0436 9.22459 8
      vertex 14.7297 8.52619 8
      vertex 13.1779 9.50847 8
    endloop
  endfacet
  facet normal 0 0 1
    outer loop
      vertex 15.1277 6.93711 8
      vertex 13.9699 5.52637 8
      vertex 14.2222 5.3393 8
    endloop
  endfacet
  facet normal 0 0 1
    outer loop
      vertex 14.7297 8.52619 8
      vertex 13.0436 9.22459 8
      vertex 14.6842 8.39914 8
    endloop
  endfacet
  facet normal 0 0 1
    outer loop
      vertex 15.0277 7.02773 8
      vertex 13.7373 5.73726 8
      vertex 13.9699 5.52637 8
    endloop
  endfacet
  facet normal -0 0 1
    outer loop
      vertex 12.9378 8.92891 8
      vertex 14.6842 8.39914 8
      vertex 13.0436 9.22459 8
    endloop
  endfacet
  facet normal 0 0 1
    outer loop
      vertex 14.9371 7.12771 8
      vertex 13.5264 5.96994 8
      vertex 13.7373 5.73726 8
    endloop
  endfacet
  facet normal 0 0 1
    outer loop
      vertex 14.6842 8.39914 8
      vertex 12.9378 8.92891 8
      vertex 14.6514 8.26825 8
    endloop
  endfacet
  facet normal 0 0 1
    outer loop
      vertex 14.8567 7.23609 8
      vertex 13.3393 6.22218 8
      vertex 13.5264 5.96994 8
    endloop
  endfacet
  facet normal -0 0 1
    outer loop
      vertex 12.8615 8.62429 8
      vertex 14.6514 8.26825 8
      vertex 12.9378 8.92891 8
    endloop
  endfacet
  facet normal 0 0 1
    outer loop
      vertex 14.7874 7.35183 8
      vertex 13.1779 6.49153 8
      vertex 13.3393 6.22218 8
    endloop
  endfacet
  facet normal 0 0 1
    outer loop
      vertex 14.6514 8.26825 8
      vertex 12.8615 8.62429 8
      vertex 14.6316 8.13477 8
    endloop
  endfacet
  facet normal 0 0 1
    outer loop
      vertex 14.7297 7.47381 8
      vertex 13.0436 6.77541 8
      vertex 13.1779 6.49153 8
    endloop
  endfacet
  facet normal -0 0 1
    outer loop
      vertex 12.8154 8.31365 8
      vertex 14.6316 8.13477 8
      vertex 12.8615 8.62429 8
    endloop
  endfacet
  facet normal 0 0 1
    outer loop
      vertex 14.6842 7.60086 8
      vertex 12.9378 7.07109 8
      vertex 13.0436 6.77541 8
    endloop
  endfacet
  facet normal 0 0 1
    outer loop
      vertex 14.6316 8.13477 8
      vertex 12.8154 8.31365 8
      vertex 14.625 8 8
    endloop
  endfacet
  facet normal 0 0 1
    outer loop
      vertex 14.6514 7.73175 8
      vertex 12.8615 7.37571 8
      vertex 12.9378 7.07109 8
    endloop
  endfacet
  facet normal 0 0 1
    outer loop
      vertex 12.8 8 8
      vertex 14.625 8 8
      vertex 12.8154 8.31365 8
    endloop
  endfacet
  facet normal 0 0 1
    outer loop
      vertex 14.6316 7.86523 8
      vertex 12.8154 7.68635 8
      vertex 12.8615 7.37571 8
    endloop
  endfacet
  facet normal 0 0 1
    outer loop
      vertex 14.625 8 8
      vertex 12.8 8 8
      vertex 12.8154 7.68635 8
    endloop
  endfacet
  facet normal 0.998797 -0.0490402 0
    outer loop
      vertex 19.1846 7.68635 8
      vertex 19.2 8 2
      vertex 19.2 8 8
    endloop
  endfacet
  facet normal 0.998797 -0.0490402 0
    outer loop
      vertex 19.2 8 2
      vertex 19.1846 7.68635 8
      vertex 19.1846 7.68635 2
    endloop
  endfacet
  facet normal 0.970034 -0.24297 0
    outer loop
      vertex 19.0622 7.07109 8
      vertex 19.1385 7.37571 2
      vertex 19.1385 7.37571 8
    endloop
  endfacet
  facet normal 0.970034 -0.24297 0
    outer loop
      vertex 19.1385 7.37571 2
      vertex 19.0622 7.07109 8
      vertex 19.0622 7.07109 2
    endloop
  endfacet
  facet normal 0.336881 -0.941547 0
    outer loop
      vertex 16.9289 4.93779 2
      vertex 17.2246 5.04359 8
      vertex 16.9289 4.93779 8
    endloop
  endfacet
  facet normal 0.336881 -0.941547 0
    outer loop
      vertex 17.2246 5.04359 8
      vertex 16.9289 4.93779 2
      vertex 17.2246 5.04359 2
    endloop
  endfacet
  facet normal 0.671688 -0.740834 0
    outer loop
      vertex 18.0301 5.52637 2
      vertex 18.2627 5.73726 8
      vertex 18.0301 5.52637 8
    endloop
  endfacet
  facet normal 0.671688 -0.740834 0
    outer loop
      vertex 18.2627 5.73726 8
      vertex 18.0301 5.52637 2
      vertex 18.2627 5.73726 2
    endloop
  endfacet
  facet normal 0.514191 -0.857676 0
    outer loop
      vertex 17.5085 5.17785 2
      vertex 17.7778 5.3393 8
      vertex 17.5085 5.17785 8
    endloop
  endfacet
  facet normal 0.514191 -0.857676 0
    outer loop
      vertex 17.7778 5.3393 8
      vertex 17.5085 5.17785 2
      vertex 17.7778 5.3393 2
    endloop
  endfacet
  facet normal 0.803168 -0.595753 0
    outer loop
      vertex 18.4736 5.96994 8
      vertex 18.6607 6.22218 2
      vertex 18.6607 6.22218 8
    endloop
  endfacet
  facet normal 0.803168 -0.595753 0
    outer loop
      vertex 18.6607 6.22218 2
      vertex 18.4736 5.96994 8
      vertex 18.4736 5.96994 2
    endloop
  endfacet
  facet normal -0.242985 -0.97003 0
    outer loop
      vertex 15.0711 4.93779 2
      vertex 15.3757 4.86149 8
      vertex 15.0711 4.93779 8
    endloop
  endfacet
  facet normal -0.242985 -0.97003 -0
    outer loop
      vertex 15.3757 4.86149 8
      vertex 15.0711 4.93779 2
      vertex 15.3757 4.86149 2
    endloop
  endfacet
  facet normal -0.5956 -0.803281 0
    outer loop
      vertex 13.9699 5.52637 2
      vertex 14.2222 5.3393 8
      vertex 13.9699 5.52637 8
    endloop
  endfacet
  facet normal -0.5956 -0.803281 -0
    outer loop
      vertex 14.2222 5.3393 8
      vertex 13.9699 5.52637 2
      vertex 14.2222 5.3393 2
    endloop
  endfacet
  facet normal -0.94154 -0.336901 0
    outer loop
      vertex 13.0436 6.77541 2
      vertex 12.9378 7.07109 8
      vertex 12.9378 7.07109 2
    endloop
  endfacet
  facet normal -0.94154 -0.336901 0
    outer loop
      vertex 12.9378 7.07109 8
      vertex 13.0436 6.77541 2
      vertex 13.0436 6.77541 8
    endloop
  endfacet
  facet normal -0.857788 -0.514004 0
    outer loop
      vertex 13.3393 6.22218 2
      vertex 13.1779 6.49153 8
      vertex 13.1779 6.49153 2
    endloop
  endfacet
  facet normal -0.857788 -0.514004 0
    outer loop
      vertex 13.1779 6.49153 8
      vertex 13.3393 6.22218 2
      vertex 13.3393 6.22218 8
    endloop
  endfacet
  facet normal -0.970007 -0.243076 0
    outer loop
      vertex 17.3486 8.26825 2
      vertex 17.3158 8.39914 8
      vertex 17.3158 8.39914 2
    endloop
  endfacet
  facet normal -0.970007 -0.243076 0
    outer loop
      vertex 17.3158 8.39914 8
      vertex 17.3486 8.26825 2
      vertex 17.3486 8.26825 8
    endloop
  endfacet
  facet normal -0.998803 -0.0489137 0
    outer loop
      vertex 17.375 8 2
      vertex 17.3684 8.13477 8
      vertex 17.3684 8.13477 2
    endloop
  endfacet
  facet normal -0.998803 -0.0489137 0
    outer loop
      vertex 17.3684 8.13477 8
      vertex 17.375 8 2
      vertex 17.375 8 8
    endloop
  endfacet
  facet normal 0.998803 -0.0489137 0
    outer loop
      vertex 14.625 8 8
      vertex 14.6316 8.13477 2
      vertex 14.6316 8.13477 8
    endloop
  endfacet
  facet normal 0.998803 -0.0489137 0
    outer loop
      vertex 14.6316 8.13477 2
      vertex 14.625 8 8
      vertex 14.625 8 2
    endloop
  endfacet
  facet normal -0.0490507 -0.998796 0
    outer loop
      vertex 16 9.375 2
      vertex 16.1348 9.36838 8
      vertex 16 9.375 8
    endloop
  endfacet
  facet normal -0.0490507 -0.998796 -0
    outer loop
      vertex 16.1348 9.36838 8
      vertex 16 9.375 2
      vertex 16.1348 9.36838 2
    endloop
  endfacet
  facet normal -0.671499 -0.741005 0
    outer loop
      vertex 16.8723 9.06289 2
      vertex 16.9723 8.97227 8
      vertex 16.8723 9.06289 8
    endloop
  endfacet
  facet normal -0.671499 -0.741005 -0
    outer loop
      vertex 16.9723 8.97227 8
      vertex 16.8723 9.06289 2
      vertex 16.9723 8.97227 2
    endloop
  endfacet
  facet normal 0.671499 -0.741005 0
    outer loop
      vertex 15.0277 8.97227 2
      vertex 15.1277 9.06289 8
      vertex 15.0277 8.97227 8
    endloop
  endfacet
  facet normal 0.671499 -0.741005 0
    outer loop
      vertex 15.1277 9.06289 8
      vertex 15.0277 8.97227 2
      vertex 15.1277 9.06289 2
    endloop
  endfacet
  facet normal 0.336778 -0.941584 0
    outer loop
      vertex 15.4738 9.27033 2
      vertex 15.6009 9.31579 8
      vertex 15.4738 9.27033 8
    endloop
  endfacet
  facet normal 0.336778 -0.941584 0
    outer loop
      vertex 15.6009 9.31579 8
      vertex 15.4738 9.27033 2
      vertex 15.6009 9.31579 2
    endloop
  endfacet
  facet normal 0.803137 0.595795 0
    outer loop
      vertex 14.9371 7.12771 8
      vertex 14.8567 7.23609 2
      vertex 14.8567 7.23609 8
    endloop
  endfacet
  facet normal 0.803137 0.595795 0
    outer loop
      vertex 14.8567 7.23609 2
      vertex 14.9371 7.12771 8
      vertex 14.9371 7.12771 2
    endloop
  endfacet
  facet normal -0.941448 -0.337158 0
    outer loop
      vertex 17.3158 8.39914 2
      vertex 17.2703 8.52619 8
      vertex 17.2703 8.52619 2
    endloop
  endfacet
  facet normal -0.941448 -0.337158 0
    outer loop
      vertex 17.2703 8.52619 8
      vertex 17.3158 8.39914 2
      vertex 17.3158 8.39914 8
    endloop
  endfacet
  facet normal -0.427484 -0.904023 0
    outer loop
      vertex 16.5262 9.27033 2
      vertex 16.6482 9.21264 8
      vertex 16.5262 9.27033 8
    endloop
  endfacet
  facet normal -0.427484 -0.904023 -0
    outer loop
      vertex 16.6482 9.21264 8
      vertex 16.5262 9.27033 2
      vertex 16.6482 9.21264 2
    endloop
  endfacet
  facet normal -0.595628 -0.80326 0
    outer loop
      vertex 16.7639 9.14327 2
      vertex 16.8723 9.06289 8
      vertex 16.7639 9.14327 8
    endloop
  endfacet
  facet normal -0.595628 -0.80326 -0
    outer loop
      vertex 16.8723 9.06289 8
      vertex 16.7639 9.14327 2
      vertex 16.8723 9.06289 2
    endloop
  endfacet
  facet normal 0.857964 -0.513711 0
    outer loop
      vertex 14.7874 8.64817 8
      vertex 14.8567 8.76391 2
      vertex 14.8567 8.76391 8
    endloop
  endfacet
  facet normal 0.857964 -0.513711 0
    outer loop
      vertex 14.8567 8.76391 2
      vertex 14.7874 8.64817 8
      vertex 14.7874 8.64817 2
    endloop
  endfacet
  facet normal 0.803137 -0.595795 0
    outer loop
      vertex 14.8567 8.76391 8
      vertex 14.9371 8.87229 2
      vertex 14.9371 8.87229 8
    endloop
  endfacet
  facet normal 0.803137 -0.595795 0
    outer loop
      vertex 14.9371 8.87229 2
      vertex 14.8567 8.76391 8
      vertex 14.8567 8.76391 2
    endloop
  endfacet
  facet normal -0.903967 0.427602 0
    outer loop
      vertex 17.2126 7.35183 2
      vertex 17.2703 7.47381 8
      vertex 17.2703 7.47381 2
    endloop
  endfacet
  facet normal -0.903967 0.427602 0
    outer loop
      vertex 17.2703 7.47381 8
      vertex 17.2126 7.35183 2
      vertex 17.2126 7.35183 8
    endloop
  endfacet
  facet normal -0.242989 0.970029 0
    outer loop
      vertex 16.3991 6.68421 2
      vertex 16.2682 6.65142 8
      vertex 16.3991 6.68421 8
    endloop
  endfacet
  facet normal -0.242989 0.970029 0
    outer loop
      vertex 16.2682 6.65142 8
      vertex 16.3991 6.68421 2
      vertex 16.2682 6.65142 2
    endloop
  endfacet
  facet normal -0.741012 0.671491 0
    outer loop
      vertex 16.9723 7.02773 2
      vertex 17.0629 7.12771 8
      vertex 17.0629 7.12771 2
    endloop
  endfacet
  facet normal -0.741012 0.671491 0
    outer loop
      vertex 17.0629 7.12771 8
      vertex 16.9723 7.02773 2
      vertex 16.9723 7.02773 8
    endloop
  endfacet
  facet normal -0.970007 0.243076 0
    outer loop
      vertex 17.3158 7.60086 2
      vertex 17.3486 7.73175 8
      vertex 17.3486 7.73175 2
    endloop
  endfacet
  facet normal -0.970007 0.243076 0
    outer loop
      vertex 17.3486 7.73175 8
      vertex 17.3158 7.60086 2
      vertex 17.3158 7.60086 8
    endloop
  endfacet
  facet normal 0.336778 0.941584 -0
    outer loop
      vertex 15.6009 6.68421 2
      vertex 15.4738 6.72967 8
      vertex 15.6009 6.68421 8
    endloop
  endfacet
  facet normal 0.336778 0.941584 0
    outer loop
      vertex 15.4738 6.72967 8
      vertex 15.6009 6.68421 2
      vertex 15.4738 6.72967 2
    endloop
  endfacet
  facet normal 0.514223 0.857656 -0
    outer loop
      vertex 15.3518 6.78736 2
      vertex 15.2361 6.85673 8
      vertex 15.3518 6.78736 8
    endloop
  endfacet
  facet normal 0.514223 0.857656 0
    outer loop
      vertex 15.2361 6.85673 8
      vertex 15.3518 6.78736 2
      vertex 15.2361 6.85673 2
    endloop
  endfacet
  facet normal 0.970007 0.243076 0
    outer loop
      vertex 14.6842 7.60086 8
      vertex 14.6514 7.73175 2
      vertex 14.6514 7.73175 8
    endloop
  endfacet
  facet normal 0.970007 0.243076 0
    outer loop
      vertex 14.6514 7.73175 2
      vertex 14.6842 7.60086 8
      vertex 14.6842 7.60086 2
    endloop
  endfacet
  facet normal -0.989176 -0.146731 0
    outer loop
      vertex 17.3684 8.13477 2
      vertex 17.3486 8.26825 8
      vertex 17.3486 8.26825 2
    endloop
  endfacet
  facet normal -0.989176 -0.146731 0
    outer loop
      vertex 17.3486 8.26825 8
      vertex 17.3684 8.13477 2
      vertex 17.3684 8.13477 8
    endloop
  endfacet
  facet normal -0.903967 -0.427602 0
    outer loop
      vertex 17.2703 8.52619 2
      vertex 17.2126 8.64817 8
      vertex 17.2126 8.64817 2
    endloop
  endfacet
  facet normal -0.903967 -0.427602 0
    outer loop
      vertex 17.2126 8.64817 8
      vertex 17.2703 8.52619 2
      vertex 17.2703 8.52619 8
    endloop
  endfacet
  facet normal -0.857964 -0.513711 0
    outer loop
      vertex 17.2126 8.64817 2
      vertex 17.1433 8.76391 8
      vertex 17.1433 8.76391 2
    endloop
  endfacet
  facet normal -0.857964 -0.513711 0
    outer loop
      vertex 17.1433 8.76391 8
      vertex 17.2126 8.64817 2
      vertex 17.2126 8.64817 8
    endloop
  endfacet
  facet normal -0.741012 -0.671491 0
    outer loop
      vertex 17.0629 8.87229 2
      vertex 16.9723 8.97227 8
      vertex 16.9723 8.97227 2
    endloop
  endfacet
  facet normal -0.741012 -0.671491 0
    outer loop
      vertex 16.9723 8.97227 8
      vertex 17.0629 8.87229 2
      vertex 17.0629 8.87229 8
    endloop
  endfacet
  facet normal -0.803137 -0.595795 0
    outer loop
      vertex 17.1433 8.76391 2
      vertex 17.0629 8.87229 8
      vertex 17.0629 8.87229 2
    endloop
  endfacet
  facet normal -0.803137 -0.595795 0
    outer loop
      vertex 17.0629 8.87229 8
      vertex 17.1433 8.76391 2
      vertex 17.1433 8.76391 8
    endloop
  endfacet
  facet normal -0.242989 -0.970029 0
    outer loop
      vertex 16.2682 9.34858 2
      vertex 16.3991 9.31579 8
      vertex 16.2682 9.34858 8
    endloop
  endfacet
  facet normal -0.242989 -0.970029 -0
    outer loop
      vertex 16.3991 9.31579 8
      vertex 16.2682 9.34858 2
      vertex 16.3991 9.31579 2
    endloop
  endfacet
  facet normal -0.146817 -0.989164 0
    outer loop
      vertex 16.1348 9.36838 2
      vertex 16.2682 9.34858 8
      vertex 16.1348 9.36838 8
    endloop
  endfacet
  facet normal -0.146817 -0.989164 -0
    outer loop
      vertex 16.2682 9.34858 8
      vertex 16.1348 9.36838 2
      vertex 16.2682 9.34858 2
    endloop
  endfacet
  facet normal -0.514223 -0.857656 0
    outer loop
      vertex 16.6482 9.21264 2
      vertex 16.7639 9.14327 8
      vertex 16.6482 9.21264 8
    endloop
  endfacet
  facet normal -0.514223 -0.857656 -0
    outer loop
      vertex 16.7639 9.14327 8
      vertex 16.6482 9.21264 2
      vertex 16.7639 9.14327 2
    endloop
  endfacet
  facet normal 0.903967 -0.427602 0
    outer loop
      vertex 14.7297 8.52619 8
      vertex 14.7874 8.64817 2
      vertex 14.7874 8.64817 8
    endloop
  endfacet
  facet normal 0.903967 -0.427602 0
    outer loop
      vertex 14.7874 8.64817 2
      vertex 14.7297 8.52619 8
      vertex 14.7297 8.52619 2
    endloop
  endfacet
  facet normal 0.970007 -0.243076 0
    outer loop
      vertex 14.6514 8.26825 8
      vertex 14.6842 8.39914 2
      vertex 14.6842 8.39914 8
    endloop
  endfacet
  facet normal 0.970007 -0.243076 0
    outer loop
      vertex 14.6842 8.39914 2
      vertex 14.6514 8.26825 8
      vertex 14.6514 8.26825 2
    endloop
  endfacet
  facet normal 0.989176 -0.146731 0
    outer loop
      vertex 14.6316 8.13477 8
      vertex 14.6514 8.26825 2
      vertex 14.6514 8.26825 8
    endloop
  endfacet
  facet normal 0.989176 -0.146731 0
    outer loop
      vertex 14.6514 8.26825 2
      vertex 14.6316 8.13477 8
      vertex 14.6316 8.13477 2
    endloop
  endfacet
  facet normal 0.514223 -0.857656 0
    outer loop
      vertex 15.2361 9.14327 2
      vertex 15.3518 9.21264 8
      vertex 15.2361 9.14327 8
    endloop
  endfacet
  facet normal 0.514223 -0.857656 0
    outer loop
      vertex 15.3518 9.21264 8
      vertex 15.2361 9.14327 2
      vertex 15.3518 9.21264 2
    endloop
  endfacet
  facet normal 0.595628 -0.80326 0
    outer loop
      vertex 15.1277 9.06289 2
      vertex 15.2361 9.14327 8
      vertex 15.1277 9.06289 8
    endloop
  endfacet
  facet normal 0.595628 -0.80326 0
    outer loop
      vertex 15.2361 9.14327 8
      vertex 15.1277 9.06289 2
      vertex 15.2361 9.14327 2
    endloop
  endfacet
  facet normal 0.0490507 -0.998796 0
    outer loop
      vertex 15.8652 9.36838 2
      vertex 16 9.375 8
      vertex 15.8652 9.36838 8
    endloop
  endfacet
  facet normal 0.0490507 -0.998796 0
    outer loop
      vertex 16 9.375 8
      vertex 15.8652 9.36838 2
      vertex 16 9.375 2
    endloop
  endfacet
  facet normal 0.242989 -0.970029 0
    outer loop
      vertex 15.6009 9.31579 2
      vertex 15.7318 9.34858 8
      vertex 15.6009 9.31579 8
    endloop
  endfacet
  facet normal 0.242989 -0.970029 0
    outer loop
      vertex 15.7318 9.34858 8
      vertex 15.6009 9.31579 2
      vertex 15.7318 9.34858 2
    endloop
  endfacet
  facet normal 0.146817 -0.989164 0
    outer loop
      vertex 15.7318 9.34858 2
      vertex 15.8652 9.36838 8
      vertex 15.7318 9.34858 8
    endloop
  endfacet
  facet normal 0.146817 -0.989164 0
    outer loop
      vertex 15.8652 9.36838 8
      vertex 15.7318 9.34858 2
      vertex 15.8652 9.36838 2
    endloop
  endfacet
  facet normal -0.0490507 0.998796 0
    outer loop
      vertex 16.1348 6.63162 2
      vertex 16 6.625 8
      vertex 16.1348 6.63162 8
    endloop
  endfacet
  facet normal -0.0490507 0.998796 0
    outer loop
      vertex 16 6.625 8
      vertex 16.1348 6.63162 2
      vertex 16 6.625 2
    endloop
  endfacet
  facet normal -0.146817 0.989164 0
    outer loop
      vertex 16.2682 6.65142 2
      vertex 16.1348 6.63162 8
      vertex 16.2682 6.65142 8
    endloop
  endfacet
  facet normal -0.146817 0.989164 0
    outer loop
      vertex 16.1348 6.63162 8
      vertex 16.2682 6.65142 2
      vertex 16.1348 6.63162 2
    endloop
  endfacet
  facet normal -0.514223 0.857656 0
    outer loop
      vertex 16.7639 6.85673 2
      vertex 16.6482 6.78736 8
      vertex 16.7639 6.85673 8
    endloop
  endfacet
  facet normal -0.514223 0.857656 0
    outer loop
      vertex 16.6482 6.78736 8
      vertex 16.7639 6.85673 2
      vertex 16.6482 6.78736 2
    endloop
  endfacet
  facet normal -0.671499 0.741005 0
    outer loop
      vertex 16.9723 7.02773 2
      vertex 16.8723 6.93711 8
      vertex 16.9723 7.02773 8
    endloop
  endfacet
  facet normal -0.671499 0.741005 0
    outer loop
      vertex 16.8723 6.93711 8
      vertex 16.9723 7.02773 2
      vertex 16.8723 6.93711 2
    endloop
  endfacet
  facet normal -0.595628 0.80326 0
    outer loop
      vertex 16.8723 6.93711 2
      vertex 16.7639 6.85673 8
      vertex 16.8723 6.93711 8
    endloop
  endfacet
  facet normal -0.595628 0.80326 0
    outer loop
      vertex 16.7639 6.85673 8
      vertex 16.8723 6.93711 2
      vertex 16.7639 6.85673 2
    endloop
  endfacet
  facet normal -0.803137 0.595795 0
    outer loop
      vertex 17.0629 7.12771 2
      vertex 17.1433 7.23609 8
      vertex 17.1433 7.23609 2
    endloop
  endfacet
  facet normal -0.803137 0.595795 0
    outer loop
      vertex 17.1433 7.23609 8
      vertex 17.0629 7.12771 2
      vertex 17.0629 7.12771 8
    endloop
  endfacet
  facet normal -0.857964 0.513711 0
    outer loop
      vertex 17.1433 7.23609 2
      vertex 17.2126 7.35183 8
      vertex 17.2126 7.35183 2
    endloop
  endfacet
  facet normal -0.857964 0.513711 0
    outer loop
      vertex 17.2126 7.35183 8
      vertex 17.1433 7.23609 2
      vertex 17.1433 7.23609 8
    endloop
  endfacet
  facet normal 0.146817 0.989164 -0
    outer loop
      vertex 15.8652 6.63162 2
      vertex 15.7318 6.65142 8
      vertex 15.8652 6.63162 8
    endloop
  endfacet
  facet normal 0.146817 0.989164 0
    outer loop
      vertex 15.7318 6.65142 8
      vertex 15.8652 6.63162 2
      vertex 15.7318 6.65142 2
    endloop
  endfacet
  facet normal 0.671499 0.741005 -0
    outer loop
      vertex 15.1277 6.93711 2
      vertex 15.0277 7.02773 8
      vertex 15.1277 6.93711 8
    endloop
  endfacet
  facet normal 0.671499 0.741005 0
    outer loop
      vertex 15.0277 7.02773 8
      vertex 15.1277 6.93711 2
      vertex 15.0277 7.02773 2
    endloop
  endfacet
  facet normal 0.427484 0.904023 -0
    outer loop
      vertex 15.4738 6.72967 2
      vertex 15.3518 6.78736 8
      vertex 15.4738 6.72967 8
    endloop
  endfacet
  facet normal 0.427484 0.904023 0
    outer loop
      vertex 15.3518 6.78736 8
      vertex 15.4738 6.72967 2
      vertex 15.3518 6.78736 2
    endloop
  endfacet
  facet normal 0.0490507 0.998796 -0
    outer loop
      vertex 16 6.625 2
      vertex 15.8652 6.63162 8
      vertex 16 6.625 8
    endloop
  endfacet
  facet normal 0.0490507 0.998796 0
    outer loop
      vertex 15.8652 6.63162 8
      vertex 16 6.625 2
      vertex 15.8652 6.63162 2
    endloop
  endfacet
  facet normal 0.595628 0.80326 -0
    outer loop
      vertex 15.2361 6.85673 2
      vertex 15.1277 6.93711 8
      vertex 15.2361 6.85673 8
    endloop
  endfacet
  facet normal 0.595628 0.80326 0
    outer loop
      vertex 15.1277 6.93711 8
      vertex 15.2361 6.85673 2
      vertex 15.1277 6.93711 2
    endloop
  endfacet
  facet normal 0.903967 0.427602 0
    outer loop
      vertex 14.7874 7.35183 8
      vertex 14.7297 7.47381 2
      vertex 14.7297 7.47381 8
    endloop
  endfacet
  facet normal 0.903967 0.427602 0
    outer loop
      vertex 14.7297 7.47381 2
      vertex 14.7874 7.35183 8
      vertex 14.7874 7.35183 2
    endloop
  endfacet
  facet normal 0.857964 0.513711 0
    outer loop
      vertex 14.8567 7.23609 8
      vertex 14.7874 7.35183 2
      vertex 14.7874 7.35183 8
    endloop
  endfacet
  facet normal 0.857964 0.513711 0
    outer loop
      vertex 14.7874 7.35183 2
      vertex 14.8567 7.23609 8
      vertex 14.8567 7.23609 2
    endloop
  endfacet
  facet normal 0.998803 0.0489137 0
    outer loop
      vertex 14.6316 7.86523 8
      vertex 14.625 8 2
      vertex 14.625 8 8
    endloop
  endfacet
  facet normal 0.998803 0.0489137 0
    outer loop
      vertex 14.625 8 2
      vertex 14.6316 7.86523 8
      vertex 14.6316 7.86523 2
    endloop
  endfacet
  facet normal -0.336778 -0.941584 0
    outer loop
      vertex 16.3991 9.31579 2
      vertex 16.5262 9.27033 8
      vertex 16.3991 9.31579 8
    endloop
  endfacet
  facet normal -0.336778 -0.941584 -0
    outer loop
      vertex 16.5262 9.27033 8
      vertex 16.3991 9.31579 2
      vertex 16.5262 9.27033 2
    endloop
  endfacet
  facet normal 0.741012 -0.671491 0
    outer loop
      vertex 14.9371 8.87229 8
      vertex 15.0277 8.97227 2
      vertex 15.0277 8.97227 8
    endloop
  endfacet
  facet normal 0.741012 -0.671491 0
    outer loop
      vertex 15.0277 8.97227 2
      vertex 14.9371 8.87229 8
      vertex 14.9371 8.87229 2
    endloop
  endfacet
  facet normal 0.941448 -0.337158 0
    outer loop
      vertex 14.6842 8.39914 8
      vertex 14.7297 8.52619 2
      vertex 14.7297 8.52619 8
    endloop
  endfacet
  facet normal 0.941448 -0.337158 0
    outer loop
      vertex 14.7297 8.52619 2
      vertex 14.6842 8.39914 8
      vertex 14.6842 8.39914 2
    endloop
  endfacet
  facet normal 0.427484 -0.904023 0
    outer loop
      vertex 15.3518 9.21264 2
      vertex 15.4738 9.27033 8
      vertex 15.3518 9.21264 8
    endloop
  endfacet
  facet normal 0.427484 -0.904023 0
    outer loop
      vertex 15.4738 9.27033 8
      vertex 15.3518 9.21264 2
      vertex 15.4738 9.27033 2
    endloop
  endfacet
  facet normal -0.427484 0.904023 0
    outer loop
      vertex 16.6482 6.78736 2
      vertex 16.5262 6.72967 8
      vertex 16.6482 6.78736 8
    endloop
  endfacet
  facet normal -0.427484 0.904023 0
    outer loop
      vertex 16.5262 6.72967 8
      vertex 16.6482 6.78736 2
      vertex 16.5262 6.72967 2
    endloop
  endfacet
  facet normal -0.336778 0.941584 0
    outer loop
      vertex 16.5262 6.72967 2
      vertex 16.3991 6.68421 8
      vertex 16.5262 6.72967 8
    endloop
  endfacet
  facet normal -0.336778 0.941584 0
    outer loop
      vertex 16.3991 6.68421 8
      vertex 16.5262 6.72967 2
      vertex 16.3991 6.68421 2
    endloop
  endfacet
  facet normal -0.941448 0.337158 0
    outer loop
      vertex 17.2703 7.47381 2
      vertex 17.3158 7.60086 8
      vertex 17.3158 7.60086 2
    endloop
  endfacet
  facet normal -0.941448 0.337158 0
    outer loop
      vertex 17.3158 7.60086 8
      vertex 17.2703 7.47381 2
      vertex 17.2703 7.47381 8
    endloop
  endfacet
  facet normal -0.989176 0.146731 0
    outer loop
      vertex 17.3486 7.73175 2
      vertex 17.3684 7.86523 8
      vertex 17.3684 7.86523 2
    endloop
  endfacet
  facet normal -0.989176 0.146731 0
    outer loop
      vertex 17.3684 7.86523 8
      vertex 17.3486 7.73175 2
      vertex 17.3486 7.73175 8
    endloop
  endfacet
  facet normal -0.998803 0.0489137 0
    outer loop
      vertex 17.3684 7.86523 2
      vertex 17.375 8 8
      vertex 17.375 8 2
    endloop
  endfacet
  facet normal -0.998803 0.0489137 0
    outer loop
      vertex 17.375 8 8
      vertex 17.3684 7.86523 2
      vertex 17.3684 7.86523 8
    endloop
  endfacet
  facet normal 0.242989 0.970029 -0
    outer loop
      vertex 15.7318 6.65142 2
      vertex 15.6009 6.68421 8
      vertex 15.7318 6.65142 8
    endloop
  endfacet
  facet normal 0.242989 0.970029 0
    outer loop
      vertex 15.6009 6.68421 8
      vertex 15.7318 6.65142 2
      vertex 15.6009 6.68421 2
    endloop
  endfacet
  facet normal 0.741012 0.671491 0
    outer loop
      vertex 15.0277 7.02773 8
      vertex 14.9371 7.12771 2
      vertex 14.9371 7.12771 8
    endloop
  endfacet
  facet normal 0.741012 0.671491 0
    outer loop
      vertex 14.9371 7.12771 2
      vertex 15.0277 7.02773 8
      vertex 15.0277 7.02773 2
    endloop
  endfacet
  facet normal 0.989176 0.146731 0
    outer loop
      vertex 14.6514 7.73175 8
      vertex 14.6316 7.86523 2
      vertex 14.6316 7.86523 8
    endloop
  endfacet
  facet normal 0.989176 0.146731 0
    outer loop
      vertex 14.6316 7.86523 2
      vertex 14.6514 7.73175 8
      vertex 14.6514 7.73175 2
    endloop
  endfacet
  facet normal 0.941448 0.337158 0
    outer loop
      vertex 14.7297 7.47381 8
      vertex 14.6842 7.60086 2
      vertex 14.6842 7.60086 8
    endloop
  endfacet
  facet normal 0.941448 0.337158 0
    outer loop
      vertex 14.6842 7.60086 2
      vertex 14.7297 7.47381 8
      vertex 14.7297 7.47381 2
    endloop
  endfacet
  facet normal 0.671705 0.740819 -0
    outer loop
      vertex 18.2627 59.2627 2
      vertex 18.0301 59.4736 8
      vertex 18.2627 59.2627 8
    endloop
  endfacet
  facet normal 0.671705 0.740819 0
    outer loop
      vertex 18.0301 59.4736 8
      vertex 18.2627 59.2627 2
      vertex 18.0301 59.4736 2
    endloop
  endfacet
  facet normal -0.336881 0.941547 0
    outer loop
      vertex 15.0711 60.0622 2
      vertex 14.7754 59.9564 8
      vertex 15.0711 60.0622 8
    endloop
  endfacet
  facet normal -0.336881 0.941547 0
    outer loop
      vertex 14.7754 59.9564 8
      vertex 15.0711 60.0622 2
      vertex 14.7754 59.9564 2
    endloop
  endfacet
  facet normal -0.903958 0.427621 0
    outer loop
      vertex 13.0436 58.2246 2
      vertex 13.1779 58.5085 8
      vertex 13.1779 58.5085 2
    endloop
  endfacet
  facet normal -0.903958 0.427621 0
    outer loop
      vertex 13.1779 58.5085 8
      vertex 13.0436 58.2246 2
      vertex 13.0436 58.2246 8
    endloop
  endfacet
  facet normal 0.903958 -0.427621 0
    outer loop
      vertex 18.8221 55.4915 8
      vertex 18.9564 55.7754 2
      vertex 18.9564 55.7754 8
    endloop
  endfacet
  facet normal 0.903958 -0.427621 0
    outer loop
      vertex 18.9564 55.7754 2
      vertex 18.8221 55.4915 8
      vertex 18.8221 55.4915 2
    endloop
  endfacet
  facet normal -0.427621 -0.903958 0
    outer loop
      vertex 14.4915 54.1779 2
      vertex 14.7754 54.0436 8
      vertex 14.4915 54.1779 8
    endloop
  endfacet
  facet normal -0.427621 -0.903958 -0
    outer loop
      vertex 14.7754 54.0436 8
      vertex 14.4915 54.1779 2
      vertex 14.7754 54.0436 2
    endloop
  endfacet
  facet normal 0.941547 0.336881 0
    outer loop
      vertex 19.0622 57.9289 8
      vertex 18.9564 58.2246 2
      vertex 18.9564 58.2246 8
    endloop
  endfacet
  facet normal 0.941547 0.336881 0
    outer loop
      vertex 18.9564 58.2246 2
      vertex 19.0622 57.9289 8
      vertex 19.0622 57.9289 2
    endloop
  endfacet
  facet normal 0.989164 0.146814 0
    outer loop
      vertex 19.1846 57.3137 8
      vertex 19.1385 57.6243 2
      vertex 19.1385 57.6243 8
    endloop
  endfacet
  facet normal 0.989164 0.146814 0
    outer loop
      vertex 19.1385 57.6243 2
      vertex 19.1846 57.3137 8
      vertex 19.1846 57.3137 2
    endloop
  endfacet
  facet normal 0.903958 0.427621 0
    outer loop
      vertex 18.9564 58.2246 8
      vertex 18.8221 58.5085 2
      vertex 18.8221 58.5085 8
    endloop
  endfacet
  facet normal 0.903958 0.427621 0
    outer loop
      vertex 18.8221 58.5085 2
      vertex 18.9564 58.2246 8
      vertex 18.9564 58.2246 2
    endloop
  endfacet
  facet normal 0.427621 0.903958 -0
    outer loop
      vertex 17.5085 59.8221 2
      vertex 17.2246 59.9564 8
      vertex 17.5085 59.8221 8
    endloop
  endfacet
  facet normal 0.427621 0.903958 0
    outer loop
      vertex 17.2246 59.9564 8
      vertex 17.5085 59.8221 2
      vertex 17.2246 59.9564 2
    endloop
  endfacet
  facet normal 0.146814 0.989164 -0
    outer loop
      vertex 16.6243 60.1385 2
      vertex 16.3137 60.1846 8
      vertex 16.6243 60.1385 8
    endloop
  endfacet
  facet normal 0.146814 0.989164 0
    outer loop
      vertex 16.3137 60.1846 8
      vertex 16.6243 60.1385 2
      vertex 16.3137 60.1846 2
    endloop
  endfacet
  facet normal -0.989164 0.146814 0
    outer loop
      vertex 12.8154 57.3137 2
      vertex 12.8615 57.6243 8
      vertex 12.8615 57.6243 2
    endloop
  endfacet
  facet normal -0.989164 0.146814 0
    outer loop
      vertex 12.8615 57.6243 8
      vertex 12.8154 57.3137 2
      vertex 12.8154 57.3137 8
    endloop
  endfacet
  facet normal -0.740819 0.671705 0
    outer loop
      vertex 13.5264 59.0301 2
      vertex 13.7373 59.2627 8
      vertex 13.7373 59.2627 2
    endloop
  endfacet
  facet normal -0.740819 0.671705 0
    outer loop
      vertex 13.7373 59.2627 8
      vertex 13.5264 59.0301 2
      vertex 13.5264 59.0301 8
    endloop
  endfacet
  facet normal -0.146814 0.989164 0
    outer loop
      vertex 15.6863 60.1846 2
      vertex 15.3757 60.1385 8
      vertex 15.6863 60.1846 8
    endloop
  endfacet
  facet normal -0.146814 0.989164 0
    outer loop
      vertex 15.3757 60.1385 8
      vertex 15.6863 60.1846 2
      vertex 15.3757 60.1385 2
    endloop
  endfacet
  facet normal 0.989164 -0.146814 0
    outer loop
      vertex 19.1385 56.3757 8
      vertex 19.1846 56.6863 2
      vertex 19.1846 56.6863 8
    endloop
  endfacet
  facet normal 0.989164 -0.146814 0
    outer loop
      vertex 19.1846 56.6863 2
      vertex 19.1385 56.3757 8
      vertex 19.1385 56.3757 2
    endloop
  endfacet
  facet normal 0.740819 -0.671705 0
    outer loop
      vertex 18.2627 54.7373 8
      vertex 18.4736 54.9699 2
      vertex 18.4736 54.9699 8
    endloop
  endfacet
  facet normal 0.740819 -0.671705 0
    outer loop
      vertex 18.4736 54.9699 2
      vertex 18.2627 54.7373 8
      vertex 18.2627 54.7373 2
    endloop
  endfacet
  facet normal -0.146814 -0.989164 0
    outer loop
      vertex 15.3757 53.8615 2
      vertex 15.6863 53.8154 8
      vertex 15.3757 53.8615 8
    endloop
  endfacet
  facet normal -0.146814 -0.989164 -0
    outer loop
      vertex 15.6863 53.8154 8
      vertex 15.3757 53.8615 2
      vertex 15.6863 53.8154 2
    endloop
  endfacet
  facet normal -0.671705 -0.740819 0
    outer loop
      vertex 13.7373 54.7373 2
      vertex 13.9699 54.5264 8
      vertex 13.7373 54.7373 8
    endloop
  endfacet
  facet normal -0.671705 -0.740819 -0
    outer loop
      vertex 13.9699 54.5264 8
      vertex 13.7373 54.7373 2
      vertex 13.9699 54.5264 2
    endloop
  endfacet
  facet normal 0.97003 0.242985 0
    outer loop
      vertex 19.1385 57.6243 8
      vertex 19.0622 57.9289 2
      vertex 19.0622 57.9289 8
    endloop
  endfacet
  facet normal 0.97003 0.242985 0
    outer loop
      vertex 19.0622 57.9289 2
      vertex 19.1385 57.6243 8
      vertex 19.1385 57.6243 2
    endloop
  endfacet
  facet normal 0.803236 0.595661 0
    outer loop
      vertex 18.6607 58.7778 8
      vertex 18.4736 59.0301 2
      vertex 18.4736 59.0301 8
    endloop
  endfacet
  facet normal 0.803236 0.595661 0
    outer loop
      vertex 18.4736 59.0301 2
      vertex 18.6607 58.7778 8
      vertex 18.6607 58.7778 2
    endloop
  endfacet
  facet normal 0.857746 0.514074 0
    outer loop
      vertex 18.8221 58.5085 8
      vertex 18.6607 58.7778 2
      vertex 18.6607 58.7778 8
    endloop
  endfacet
  facet normal 0.857746 0.514074 0
    outer loop
      vertex 18.6607 58.7778 2
      vertex 18.8221 58.5085 8
      vertex 18.8221 58.5085 2
    endloop
  endfacet
  facet normal 0.740819 0.671705 0
    outer loop
      vertex 18.4736 59.0301 8
      vertex 18.2627 59.2627 2
      vertex 18.2627 59.2627 8
    endloop
  endfacet
  facet normal 0.740819 0.671705 0
    outer loop
      vertex 18.2627 59.2627 2
      vertex 18.4736 59.0301 8
      vertex 18.4736 59.0301 2
    endloop
  endfacet
  facet normal 0.595661 0.803236 -0
    outer loop
      vertex 18.0301 59.4736 2
      vertex 17.7778 59.6607 8
      vertex 18.0301 59.4736 8
    endloop
  endfacet
  facet normal 0.595661 0.803236 0
    outer loop
      vertex 17.7778 59.6607 8
      vertex 18.0301 59.4736 2
      vertex 17.7778 59.6607 2
    endloop
  endfacet
  facet normal 0.0490324 0.998797 -0
    outer loop
      vertex 16.3137 60.1846 2
      vertex 16 60.2 8
      vertex 16.3137 60.1846 8
    endloop
  endfacet
  facet normal 0.0490324 0.998797 0
    outer loop
      vertex 16 60.2 8
      vertex 16.3137 60.1846 2
      vertex 16 60.2 2
    endloop
  endfacet
  facet normal 0.514074 0.857746 -0
    outer loop
      vertex 17.7778 59.6607 2
      vertex 17.5085 59.8221 8
      vertex 17.7778 59.6607 8
    endloop
  endfacet
  facet normal 0.514074 0.857746 0
    outer loop
      vertex 17.5085 59.8221 8
      vertex 17.7778 59.6607 2
      vertex 17.5085 59.8221 2
    endloop
  endfacet
  facet normal 0.336881 0.941547 -0
    outer loop
      vertex 17.2246 59.9564 2
      vertex 16.9289 60.0622 8
      vertex 17.2246 59.9564 8
    endloop
  endfacet
  facet normal 0.336881 0.941547 0
    outer loop
      vertex 16.9289 60.0622 8
      vertex 17.2246 59.9564 2
      vertex 16.9289 60.0622 2
    endloop
  endfacet
  facet normal 0.242985 0.97003 -0
    outer loop
      vertex 16.9289 60.0622 2
      vertex 16.6243 60.1385 8
      vertex 16.9289 60.0622 8
    endloop
  endfacet
  facet normal 0.242985 0.97003 0
    outer loop
      vertex 16.6243 60.1385 8
      vertex 16.9289 60.0622 2
      vertex 16.6243 60.1385 2
    endloop
  endfacet
  facet normal -0.998797 0.0490324 0
    outer loop
      vertex 12.8 57 2
      vertex 12.8154 57.3137 8
      vertex 12.8154 57.3137 2
    endloop
  endfacet
  facet normal -0.998797 0.0490324 0
    outer loop
      vertex 12.8154 57.3137 8
      vertex 12.8 57 2
      vertex 12.8 57 8
    endloop
  endfacet
  facet normal -0.941547 0.336881 0
    outer loop
      vertex 12.9378 57.9289 2
      vertex 13.0436 58.2246 8
      vertex 13.0436 58.2246 2
    endloop
  endfacet
  facet normal -0.941547 0.336881 0
    outer loop
      vertex 13.0436 58.2246 8
      vertex 12.9378 57.9289 2
      vertex 12.9378 57.9289 8
    endloop
  endfacet
  facet normal -0.97003 0.242985 0
    outer loop
      vertex 12.8615 57.6243 2
      vertex 12.9378 57.9289 8
      vertex 12.9378 57.9289 2
    endloop
  endfacet
  facet normal -0.97003 0.242985 0
    outer loop
      vertex 12.9378 57.9289 8
      vertex 12.8615 57.6243 2
      vertex 12.8615 57.6243 8
    endloop
  endfacet
  facet normal -0.857746 0.514074 0
    outer loop
      vertex 13.1779 58.5085 2
      vertex 13.3393 58.7778 8
      vertex 13.3393 58.7778 2
    endloop
  endfacet
  facet normal -0.857746 0.514074 0
    outer loop
      vertex 13.3393 58.7778 8
      vertex 13.1779 58.5085 2
      vertex 13.1779 58.5085 8
    endloop
  endfacet
  facet normal -0.803236 0.595661 0
    outer loop
      vertex 13.3393 58.7778 2
      vertex 13.5264 59.0301 8
      vertex 13.5264 59.0301 2
    endloop
  endfacet
  facet normal -0.803236 0.595661 0
    outer loop
      vertex 13.5264 59.0301 8
      vertex 13.3393 58.7778 2
      vertex 13.3393 58.7778 8
    endloop
  endfacet
  facet normal -0.242985 0.97003 0
    outer loop
      vertex 15.3757 60.1385 2
      vertex 15.0711 60.0622 8
      vertex 15.3757 60.1385 8
    endloop
  endfacet
  facet normal -0.242985 0.97003 0
    outer loop
      vertex 15.0711 60.0622 8
      vertex 15.3757 60.1385 2
      vertex 15.0711 60.0622 2
    endloop
  endfacet
  facet normal -0.0490324 0.998797 0
    outer loop
      vertex 16 60.2 2
      vertex 15.6863 60.1846 8
      vertex 16 60.2 8
    endloop
  endfacet
  facet normal -0.0490324 0.998797 0
    outer loop
      vertex 15.6863 60.1846 8
      vertex 16 60.2 2
      vertex 15.6863 60.1846 2
    endloop
  endfacet
  facet normal -0.514074 0.857746 0
    outer loop
      vertex 14.4915 59.8221 2
      vertex 14.2222 59.6607 8
      vertex 14.4915 59.8221 8
    endloop
  endfacet
  facet normal -0.514074 0.857746 0
    outer loop
      vertex 14.2222 59.6607 8
      vertex 14.4915 59.8221 2
      vertex 14.2222 59.6607 2
    endloop
  endfacet
  facet normal -0.595661 0.803236 0
    outer loop
      vertex 14.2222 59.6607 2
      vertex 13.9699 59.4736 8
      vertex 14.2222 59.6607 8
    endloop
  endfacet
  facet normal -0.595661 0.803236 0
    outer loop
      vertex 13.9699 59.4736 8
      vertex 14.2222 59.6607 2
      vertex 13.9699 59.4736 2
    endloop
  endfacet
  facet normal -0.427621 0.903958 0
    outer loop
      vertex 14.7754 59.9564 2
      vertex 14.4915 59.8221 8
      vertex 14.7754 59.9564 8
    endloop
  endfacet
  facet normal -0.427621 0.903958 0
    outer loop
      vertex 14.4915 59.8221 8
      vertex 14.7754 59.9564 2
      vertex 14.4915 59.8221 2
    endloop
  endfacet
  facet normal -0.671705 0.740819 0
    outer loop
      vertex 13.9699 59.4736 2
      vertex 13.7373 59.2627 8
      vertex 13.9699 59.4736 8
    endloop
  endfacet
  facet normal -0.671705 0.740819 0
    outer loop
      vertex 13.7373 59.2627 8
      vertex 13.9699 59.4736 2
      vertex 13.7373 59.2627 2
    endloop
  endfacet
  facet normal 0.998797 0.0490324 0
    outer loop
      vertex 19.2 57 8
      vertex 19.1846 57.3137 2
      vertex 19.1846 57.3137 8
    endloop
  endfacet
  facet normal 0.998797 0.0490324 0
    outer loop
      vertex 19.1846 57.3137 2
      vertex 19.2 57 8
      vertex 19.2 57 2
    endloop
  endfacet
  facet normal 0.0490324 -0.998797 0
    outer loop
      vertex 16 53.8 2
      vertex 16.3137 53.8154 8
      vertex 16 53.8 8
    endloop
  endfacet
  facet normal 0.0490324 -0.998797 0
    outer loop
      vertex 16.3137 53.8154 8
      vertex 16 53.8 2
      vertex 16.3137 53.8154 2
    endloop
  endfacet
  facet normal 0.941547 -0.336881 0
    outer loop
      vertex 18.9564 55.7754 8
      vertex 19.0622 56.0711 2
      vertex 19.0622 56.0711 8
    endloop
  endfacet
  facet normal 0.941547 -0.336881 0
    outer loop
      vertex 19.0622 56.0711 2
      vertex 18.9564 55.7754 8
      vertex 18.9564 55.7754 2
    endloop
  endfacet
  facet normal 0.146814 -0.989164 0
    outer loop
      vertex 16.3137 53.8154 2
      vertex 16.6243 53.8615 8
      vertex 16.3137 53.8154 8
    endloop
  endfacet
  facet normal 0.146814 -0.989164 0
    outer loop
      vertex 16.6243 53.8615 8
      vertex 16.3137 53.8154 2
      vertex 16.6243 53.8615 2
    endloop
  endfacet
  facet normal 0.242985 -0.97003 0
    outer loop
      vertex 16.6243 53.8615 2
      vertex 16.9289 53.9378 8
      vertex 16.6243 53.8615 8
    endloop
  endfacet
  facet normal 0.242985 -0.97003 0
    outer loop
      vertex 16.9289 53.9378 8
      vertex 16.6243 53.8615 2
      vertex 16.9289 53.9378 2
    endloop
  endfacet
  facet normal 0.595661 -0.803236 0
    outer loop
      vertex 17.7778 54.3393 2
      vertex 18.0301 54.5264 8
      vertex 17.7778 54.3393 8
    endloop
  endfacet
  facet normal 0.595661 -0.803236 0
    outer loop
      vertex 18.0301 54.5264 8
      vertex 17.7778 54.3393 2
      vertex 18.0301 54.5264 2
    endloop
  endfacet
  facet normal 0.427621 -0.903958 0
    outer loop
      vertex 17.2246 54.0436 2
      vertex 17.5085 54.1779 8
      vertex 17.2246 54.0436 8
    endloop
  endfacet
  facet normal 0.427621 -0.903958 0
    outer loop
      vertex 17.5085 54.1779 8
      vertex 17.2246 54.0436 2
      vertex 17.5085 54.1779 2
    endloop
  endfacet
  facet normal 0.857746 -0.514074 0
    outer loop
      vertex 18.6607 55.2222 8
      vertex 18.8221 55.4915 2
      vertex 18.8221 55.4915 8
    endloop
  endfacet
  facet normal 0.857746 -0.514074 0
    outer loop
      vertex 18.8221 55.4915 2
      vertex 18.6607 55.2222 8
      vertex 18.6607 55.2222 2
    endloop
  endfacet
  facet normal -0.0490324 -0.998797 0
    outer loop
      vertex 15.6863 53.8154 2
      vertex 16 53.8 8
      vertex 15.6863 53.8154 8
    endloop
  endfacet
  facet normal -0.0490324 -0.998797 -0
    outer loop
      vertex 16 53.8 8
      vertex 15.6863 53.8154 2
      vertex 16 53.8 2
    endloop
  endfacet
  facet normal -0.336881 -0.941547 0
    outer loop
      vertex 14.7754 54.0436 2
      vertex 15.0711 53.9378 8
      vertex 14.7754 54.0436 8
    endloop
  endfacet
  facet normal -0.336881 -0.941547 -0
    outer loop
      vertex 15.0711 53.9378 8
      vertex 14.7754 54.0436 2
      vertex 15.0711 53.9378 2
    endloop
  endfacet
  facet normal -0.514074 -0.857746 0
    outer loop
      vertex 14.2222 54.3393 2
      vertex 14.4915 54.1779 8
      vertex 14.2222 54.3393 8
    endloop
  endfacet
  facet normal -0.514074 -0.857746 -0
    outer loop
      vertex 14.4915 54.1779 8
      vertex 14.2222 54.3393 2
      vertex 14.4915 54.1779 2
    endloop
  endfacet
  facet normal -0.998797 -0.0490324 0
    outer loop
      vertex 12.8154 56.6863 2
      vertex 12.8 57 8
      vertex 12.8 57 2
    endloop
  endfacet
  facet normal -0.998797 -0.0490324 0
    outer loop
      vertex 12.8 57 8
      vertex 12.8154 56.6863 2
      vertex 12.8154 56.6863 8
    endloop
  endfacet
  facet normal -0.97003 -0.242985 0
    outer loop
      vertex 12.9378 56.0711 2
      vertex 12.8615 56.3757 8
      vertex 12.8615 56.3757 2
    endloop
  endfacet
  facet normal -0.97003 -0.242985 0
    outer loop
      vertex 12.8615 56.3757 8
      vertex 12.9378 56.0711 2
      vertex 12.9378 56.0711 8
    endloop
  endfacet
  facet normal -0.989164 -0.146814 0
    outer loop
      vertex 12.8615 56.3757 2
      vertex 12.8154 56.6863 8
      vertex 12.8154 56.6863 2
    endloop
  endfacet
  facet normal -0.989164 -0.146814 0
    outer loop
      vertex 12.8154 56.6863 8
      vertex 12.8615 56.3757 2
      vertex 12.8615 56.3757 8
    endloop
  endfacet
  facet normal -0.803236 -0.595661 0
    outer loop
      vertex 13.5264 54.9699 2
      vertex 13.3393 55.2222 8
      vertex 13.3393 55.2222 2
    endloop
  endfacet
  facet normal -0.803236 -0.595661 0
    outer loop
      vertex 13.3393 55.2222 8
      vertex 13.5264 54.9699 2
      vertex 13.5264 54.9699 8
    endloop
  endfacet
  facet normal -0.903958 -0.427621 0
    outer loop
      vertex 13.1779 55.4915 2
      vertex 13.0436 55.7754 8
      vertex 13.0436 55.7754 2
    endloop
  endfacet
  facet normal -0.903958 -0.427621 0
    outer loop
      vertex 13.0436 55.7754 8
      vertex 13.1779 55.4915 2
      vertex 13.1779 55.4915 8
    endloop
  endfacet
  facet normal -0.740819 -0.671705 0
    outer loop
      vertex 13.7373 54.7373 2
      vertex 13.5264 54.9699 8
      vertex 13.5264 54.9699 2
    endloop
  endfacet
  facet normal -0.740819 -0.671705 0
    outer loop
      vertex 13.5264 54.9699 8
      vertex 13.7373 54.7373 2
      vertex 13.7373 54.7373 8
    endloop
  endfacet
  facet normal 0 0 1
    outer loop
      vertex 17.375 57 8
      vertex 19.2 57 8
      vertex 19.1846 57.3137 8
    endloop
  endfacet
  facet normal 0 0 1
    outer loop
      vertex 17.3684 57.1348 8
      vertex 19.1846 57.3137 8
      vertex 19.1385 57.6243 8
    endloop
  endfacet
  facet normal 0 0 1
    outer loop
      vertex 19.2 57 8
      vertex 17.375 57 8
      vertex 19.1846 56.6863 8
    endloop
  endfacet
  facet normal 0 0 1
    outer loop
      vertex 17.3486 57.2682 8
      vertex 19.1385 57.6243 8
      vertex 19.0622 57.9289 8
    endloop
  endfacet
  facet normal -0 0 1
    outer loop
      vertex 17.3684 56.8652 8
      vertex 19.1846 56.6863 8
      vertex 17.375 57 8
    endloop
  endfacet
  facet normal 0 0 1
    outer loop
      vertex 17.3158 57.3991 8
      vertex 19.0622 57.9289 8
      vertex 18.9564 58.2246 8
    endloop
  endfacet
  facet normal 0 0 1
    outer loop
      vertex 19.1846 56.6863 8
      vertex 17.3684 56.8652 8
      vertex 19.1385 56.3757 8
    endloop
  endfacet
  facet normal 0 0 1
    outer loop
      vertex 17.2703 57.5262 8
      vertex 18.9564 58.2246 8
      vertex 18.8221 58.5085 8
    endloop
  endfacet
  facet normal -0 0 1
    outer loop
      vertex 17.3486 56.7318 8
      vertex 19.1385 56.3757 8
      vertex 17.3684 56.8652 8
    endloop
  endfacet
  facet normal 0 0 1
    outer loop
      vertex 17.2126 57.6482 8
      vertex 18.8221 58.5085 8
      vertex 18.6607 58.7778 8
    endloop
  endfacet
  facet normal 0 0 1
    outer loop
      vertex 19.1385 56.3757 8
      vertex 17.3486 56.7318 8
      vertex 19.0622 56.0711 8
    endloop
  endfacet
  facet normal 0 0 1
    outer loop
      vertex 17.1433 57.7639 8
      vertex 18.6607 58.7778 8
      vertex 18.4736 59.0301 8
    endloop
  endfacet
  facet normal -0 0 1
    outer loop
      vertex 17.3158 56.6009 8
      vertex 19.0622 56.0711 8
      vertex 17.3486 56.7318 8
    endloop
  endfacet
  facet normal 0 0 1
    outer loop
      vertex 17.0629 57.8723 8
      vertex 18.4736 59.0301 8
      vertex 18.2627 59.2627 8
    endloop
  endfacet
  facet normal 0 0 1
    outer loop
      vertex 19.0622 56.0711 8
      vertex 17.3158 56.6009 8
      vertex 18.9564 55.7754 8
    endloop
  endfacet
  facet normal 0 0 1
    outer loop
      vertex 16.9723 57.9723 8
      vertex 18.2627 59.2627 8
      vertex 18.0301 59.4736 8
    endloop
  endfacet
  facet normal -0 0 1
    outer loop
      vertex 17.2703 56.4738 8
      vertex 18.9564 55.7754 8
      vertex 17.3158 56.6009 8
    endloop
  endfacet
  facet normal 0 0 1
    outer loop
      vertex 16.8723 58.0629 8
      vertex 18.0301 59.4736 8
      vertex 17.7778 59.6607 8
    endloop
  endfacet
  facet normal 0 0 1
    outer loop
      vertex 18.9564 55.7754 8
      vertex 17.2703 56.4738 8
      vertex 18.8221 55.4915 8
    endloop
  endfacet
  facet normal 0 0 1
    outer loop
      vertex 16.7639 58.1433 8
      vertex 17.7778 59.6607 8
      vertex 17.5085 59.8221 8
    endloop
  endfacet
  facet normal -0 0 1
    outer loop
      vertex 17.2126 56.3518 8
      vertex 18.8221 55.4915 8
      vertex 17.2703 56.4738 8
    endloop
  endfacet
  facet normal 0 0 1
    outer loop
      vertex 18.8221 55.4915 8
      vertex 17.2126 56.3518 8
      vertex 18.6607 55.2222 8
    endloop
  endfacet
  facet normal 0 0 1
    outer loop
      vertex 19.1846 57.3137 8
      vertex 17.3684 57.1348 8
      vertex 17.375 57 8
    endloop
  endfacet
  facet normal 0 0 1
    outer loop
      vertex 19.1385 57.6243 8
      vertex 17.3486 57.2682 8
      vertex 17.3684 57.1348 8
    endloop
  endfacet
  facet normal 0 0 1
    outer loop
      vertex 19.0622 57.9289 8
      vertex 17.3158 57.3991 8
      vertex 17.3486 57.2682 8
    endloop
  endfacet
  facet normal 0 0 1
    outer loop
      vertex 18.9564 58.2246 8
      vertex 17.2703 57.5262 8
      vertex 17.3158 57.3991 8
    endloop
  endfacet
  facet normal 0 0 1
    outer loop
      vertex 16.6482 58.2126 8
      vertex 17.5085 59.8221 8
      vertex 17.2246 59.9564 8
    endloop
  endfacet
  facet normal 0 0 1
    outer loop
      vertex 18.8221 58.5085 8
      vertex 17.2126 57.6482 8
      vertex 17.2703 57.5262 8
    endloop
  endfacet
  facet normal 0 0 1
    outer loop
      vertex 18.6607 58.7778 8
      vertex 17.1433 57.7639 8
      vertex 17.2126 57.6482 8
    endloop
  endfacet
  facet normal 0 0 1
    outer loop
      vertex 18.4736 59.0301 8
      vertex 17.0629 57.8723 8
      vertex 17.1433 57.7639 8
    endloop
  endfacet
  facet normal 0 0 1
    outer loop
      vertex 18.2627 59.2627 8
      vertex 16.9723 57.9723 8
      vertex 17.0629 57.8723 8
    endloop
  endfacet
  facet normal 0 0 1
    outer loop
      vertex 16.5262 58.2703 8
      vertex 17.2246 59.9564 8
      vertex 16.9289 60.0622 8
    endloop
  endfacet
  facet normal 0 0 1
    outer loop
      vertex 18.0301 59.4736 8
      vertex 16.8723 58.0629 8
      vertex 16.9723 57.9723 8
    endloop
  endfacet
  facet normal 0 0 1
    outer loop
      vertex 17.7778 59.6607 8
      vertex 16.7639 58.1433 8
      vertex 16.8723 58.0629 8
    endloop
  endfacet
  facet normal 0 0 1
    outer loop
      vertex 17.5085 59.8221 8
      vertex 16.6482 58.2126 8
      vertex 16.7639 58.1433 8
    endloop
  endfacet
  facet normal 0 0 1
    outer loop
      vertex 16.3991 58.3158 8
      vertex 16.9289 60.0622 8
      vertex 16.6243 60.1385 8
    endloop
  endfacet
  facet normal 0 0 1
    outer loop
      vertex 17.2246 59.9564 8
      vertex 16.5262 58.2703 8
      vertex 16.6482 58.2126 8
    endloop
  endfacet
  facet normal 0 0 1
    outer loop
      vertex 16.9289 60.0622 8
      vertex 16.3991 58.3158 8
      vertex 16.5262 58.2703 8
    endloop
  endfacet
  facet normal 0 0 1
    outer loop
      vertex 16.2682 58.3486 8
      vertex 16.6243 60.1385 8
      vertex 16.3137 60.1846 8
    endloop
  endfacet
  facet normal 0 0 1
    outer loop
      vertex 16.6243 60.1385 8
      vertex 16.2682 58.3486 8
      vertex 16.3991 58.3158 8
    endloop
  endfacet
  facet normal 0 0 1
    outer loop
      vertex 16.3137 60.1846 8
      vertex 16.1348 58.3684 8
      vertex 16.2682 58.3486 8
    endloop
  endfacet
  facet normal 0 0 1
    outer loop
      vertex 16 60.2 8
      vertex 16.1348 58.3684 8
      vertex 16.3137 60.1846 8
    endloop
  endfacet
  facet normal 0 0 1
    outer loop
      vertex 16 60.2 8
      vertex 16 58.375 8
      vertex 16.1348 58.3684 8
    endloop
  endfacet
  facet normal 0 0 1
    outer loop
      vertex 16 60.2 8
      vertex 15.8652 58.3684 8
      vertex 16 58.375 8
    endloop
  endfacet
  facet normal -0 0 1
    outer loop
      vertex 15.6863 60.1846 8
      vertex 15.8652 58.3684 8
      vertex 16 60.2 8
    endloop
  endfacet
  facet normal 0 0 1
    outer loop
      vertex 15.8652 58.3684 8
      vertex 15.6863 60.1846 8
      vertex 15.7318 58.3486 8
    endloop
  endfacet
  facet normal -0 0 1
    outer loop
      vertex 15.3757 60.1385 8
      vertex 15.7318 58.3486 8
      vertex 15.6863 60.1846 8
    endloop
  endfacet
  facet normal 0 0 1
    outer loop
      vertex 15.7318 58.3486 8
      vertex 15.3757 60.1385 8
      vertex 15.6009 58.3158 8
    endloop
  endfacet
  facet normal -0 0 1
    outer loop
      vertex 15.0711 60.0622 8
      vertex 15.6009 58.3158 8
      vertex 15.3757 60.1385 8
    endloop
  endfacet
  facet normal 0 0 1
    outer loop
      vertex 15.6009 58.3158 8
      vertex 15.0711 60.0622 8
      vertex 15.4738 58.2703 8
    endloop
  endfacet
  facet normal -0 0 1
    outer loop
      vertex 14.7754 59.9564 8
      vertex 15.4738 58.2703 8
      vertex 15.0711 60.0622 8
    endloop
  endfacet
  facet normal 0 0 1
    outer loop
      vertex 15.4738 58.2703 8
      vertex 14.7754 59.9564 8
      vertex 15.3518 58.2126 8
    endloop
  endfacet
  facet normal -0 0 1
    outer loop
      vertex 14.4915 59.8221 8
      vertex 15.3518 58.2126 8
      vertex 14.7754 59.9564 8
    endloop
  endfacet
  facet normal 0 0 1
    outer loop
      vertex 15.3518 58.2126 8
      vertex 14.4915 59.8221 8
      vertex 15.2361 58.1433 8
    endloop
  endfacet
  facet normal -0 0 1
    outer loop
      vertex 14.2222 59.6607 8
      vertex 15.2361 58.1433 8
      vertex 14.4915 59.8221 8
    endloop
  endfacet
  facet normal 0 0 1
    outer loop
      vertex 15.2361 58.1433 8
      vertex 14.2222 59.6607 8
      vertex 15.1277 58.0629 8
    endloop
  endfacet
  facet normal -0 0 1
    outer loop
      vertex 13.9699 59.4736 8
      vertex 15.1277 58.0629 8
      vertex 14.2222 59.6607 8
    endloop
  endfacet
  facet normal 0 0 1
    outer loop
      vertex 15.1277 58.0629 8
      vertex 13.9699 59.4736 8
      vertex 15.0277 57.9723 8
    endloop
  endfacet
  facet normal -0 0 1
    outer loop
      vertex 13.7373 59.2627 8
      vertex 15.0277 57.9723 8
      vertex 13.9699 59.4736 8
    endloop
  endfacet
  facet normal 0 0 1
    outer loop
      vertex 15.0277 57.9723 8
      vertex 13.7373 59.2627 8
      vertex 14.9371 57.8723 8
    endloop
  endfacet
  facet normal -0 0 1
    outer loop
      vertex 13.5264 59.0301 8
      vertex 14.9371 57.8723 8
      vertex 13.7373 59.2627 8
    endloop
  endfacet
  facet normal 0 0 1
    outer loop
      vertex 14.9371 57.8723 8
      vertex 13.5264 59.0301 8
      vertex 14.8567 57.7639 8
    endloop
  endfacet
  facet normal 0 0 1
    outer loop
      vertex 14.8567 57.7639 8
      vertex 13.3393 58.7778 8
      vertex 14.7874 57.6482 8
    endloop
  endfacet
  facet normal -0 0 1
    outer loop
      vertex 13.3393 58.7778 8
      vertex 14.8567 57.7639 8
      vertex 13.5264 59.0301 8
    endloop
  endfacet
  facet normal -0 0 1
    outer loop
      vertex 17.1433 56.2361 8
      vertex 18.6607 55.2222 8
      vertex 17.2126 56.3518 8
    endloop
  endfacet
  facet normal 0 0 1
    outer loop
      vertex 18.6607 55.2222 8
      vertex 17.1433 56.2361 8
      vertex 18.4736 54.9699 8
    endloop
  endfacet
  facet normal -0 0 1
    outer loop
      vertex 17.0629 56.1277 8
      vertex 18.4736 54.9699 8
      vertex 17.1433 56.2361 8
    endloop
  endfacet
  facet normal 0 0 1
    outer loop
      vertex 18.4736 54.9699 8
      vertex 17.0629 56.1277 8
      vertex 18.2627 54.7373 8
    endloop
  endfacet
  facet normal -0 0 1
    outer loop
      vertex 16.9723 56.0277 8
      vertex 18.2627 54.7373 8
      vertex 17.0629 56.1277 8
    endloop
  endfacet
  facet normal 0 0 1
    outer loop
      vertex 18.2627 54.7373 8
      vertex 16.9723 56.0277 8
      vertex 18.0301 54.5264 8
    endloop
  endfacet
  facet normal -0 0 1
    outer loop
      vertex 16.8723 55.9371 8
      vertex 18.0301 54.5264 8
      vertex 16.9723 56.0277 8
    endloop
  endfacet
  facet normal 0 0 1
    outer loop
      vertex 18.0301 54.5264 8
      vertex 16.8723 55.9371 8
      vertex 17.7778 54.3393 8
    endloop
  endfacet
  facet normal -0 0 1
    outer loop
      vertex 16.7639 55.8567 8
      vertex 17.7778 54.3393 8
      vertex 16.8723 55.9371 8
    endloop
  endfacet
  facet normal 0 0 1
    outer loop
      vertex 17.7778 54.3393 8
      vertex 16.7639 55.8567 8
      vertex 17.5085 54.1779 8
    endloop
  endfacet
  facet normal -0 0 1
    outer loop
      vertex 16.6482 55.7874 8
      vertex 17.5085 54.1779 8
      vertex 16.7639 55.8567 8
    endloop
  endfacet
  facet normal 0 0 1
    outer loop
      vertex 17.5085 54.1779 8
      vertex 16.6482 55.7874 8
      vertex 17.2246 54.0436 8
    endloop
  endfacet
  facet normal -0 0 1
    outer loop
      vertex 16.5262 55.7297 8
      vertex 17.2246 54.0436 8
      vertex 16.6482 55.7874 8
    endloop
  endfacet
  facet normal 0 0 1
    outer loop
      vertex 17.2246 54.0436 8
      vertex 16.5262 55.7297 8
      vertex 16.9289 53.9378 8
    endloop
  endfacet
  facet normal -0 0 1
    outer loop
      vertex 16.3991 55.6842 8
      vertex 16.9289 53.9378 8
      vertex 16.5262 55.7297 8
    endloop
  endfacet
  facet normal 0 0 1
    outer loop
      vertex 16.9289 53.9378 8
      vertex 16.3991 55.6842 8
      vertex 16.6243 53.8615 8
    endloop
  endfacet
  facet normal -0 0 1
    outer loop
      vertex 16.2682 55.6514 8
      vertex 16.6243 53.8615 8
      vertex 16.3991 55.6842 8
    endloop
  endfacet
  facet normal 0 0 1
    outer loop
      vertex 16.6243 53.8615 8
      vertex 16.2682 55.6514 8
      vertex 16.3137 53.8154 8
    endloop
  endfacet
  facet normal -0 0 1
    outer loop
      vertex 16.1348 55.6316 8
      vertex 16.3137 53.8154 8
      vertex 16.2682 55.6514 8
    endloop
  endfacet
  facet normal -0 0 1
    outer loop
      vertex 16 55.625 8
      vertex 16.3137 53.8154 8
      vertex 16.1348 55.6316 8
    endloop
  endfacet
  facet normal 0 0 1
    outer loop
      vertex 16 55.625 8
      vertex 16 53.8 8
      vertex 16.3137 53.8154 8
    endloop
  endfacet
  facet normal 0 0 1
    outer loop
      vertex 15.8652 55.6316 8
      vertex 16 53.8 8
      vertex 16 55.625 8
    endloop
  endfacet
  facet normal 0 0 1
    outer loop
      vertex 15.6863 53.8154 8
      vertex 15.8652 55.6316 8
      vertex 15.7318 55.6514 8
    endloop
  endfacet
  facet normal 0 0 1
    outer loop
      vertex 15.8652 55.6316 8
      vertex 15.6863 53.8154 8
      vertex 16 53.8 8
    endloop
  endfacet
  facet normal 0 0 1
    outer loop
      vertex 15.3757 53.8615 8
      vertex 15.7318 55.6514 8
      vertex 15.6009 55.6842 8
    endloop
  endfacet
  facet normal 0 0 1
    outer loop
      vertex 15.0711 53.9378 8
      vertex 15.6009 55.6842 8
      vertex 15.4738 55.7297 8
    endloop
  endfacet
  facet normal 0 0 1
    outer loop
      vertex 15.7318 55.6514 8
      vertex 15.3757 53.8615 8
      vertex 15.6863 53.8154 8
    endloop
  endfacet
  facet normal 0 0 1
    outer loop
      vertex 14.7754 54.0436 8
      vertex 15.4738 55.7297 8
      vertex 15.3518 55.7874 8
    endloop
  endfacet
  facet normal 0 0 1
    outer loop
      vertex 14.4915 54.1779 8
      vertex 15.3518 55.7874 8
      vertex 15.2361 55.8567 8
    endloop
  endfacet
  facet normal 0 0 1
    outer loop
      vertex 14.2222 54.3393 8
      vertex 15.2361 55.8567 8
      vertex 15.1277 55.9371 8
    endloop
  endfacet
  facet normal 0 0 1
    outer loop
      vertex 15.6009 55.6842 8
      vertex 15.0711 53.9378 8
      vertex 15.3757 53.8615 8
    endloop
  endfacet
  facet normal 0 0 1
    outer loop
      vertex 13.9699 54.5264 8
      vertex 15.1277 55.9371 8
      vertex 15.0277 56.0277 8
    endloop
  endfacet
  facet normal 0 0 1
    outer loop
      vertex 13.7373 54.7373 8
      vertex 15.0277 56.0277 8
      vertex 14.9371 56.1277 8
    endloop
  endfacet
  facet normal 0 0 1
    outer loop
      vertex 13.5264 54.9699 8
      vertex 14.9371 56.1277 8
      vertex 14.8567 56.2361 8
    endloop
  endfacet
  facet normal 0 0 1
    outer loop
      vertex 13.3393 55.2222 8
      vertex 14.8567 56.2361 8
      vertex 14.7874 56.3518 8
    endloop
  endfacet
  facet normal 0 0 1
    outer loop
      vertex 15.4738 55.7297 8
      vertex 14.7754 54.0436 8
      vertex 15.0711 53.9378 8
    endloop
  endfacet
  facet normal 0 0 1
    outer loop
      vertex 13.1779 55.4915 8
      vertex 14.7874 56.3518 8
      vertex 14.7297 56.4738 8
    endloop
  endfacet
  facet normal 0 0 1
    outer loop
      vertex 13.0436 55.7754 8
      vertex 14.7297 56.4738 8
      vertex 14.6842 56.6009 8
    endloop
  endfacet
  facet normal 0 0 1
    outer loop
      vertex 12.9378 56.0711 8
      vertex 14.6842 56.6009 8
      vertex 14.6514 56.7318 8
    endloop
  endfacet
  facet normal 0 0 1
    outer loop
      vertex 12.8615 56.3757 8
      vertex 14.6514 56.7318 8
      vertex 14.6316 56.8652 8
    endloop
  endfacet
  facet normal 0 0 1
    outer loop
      vertex 15.3518 55.7874 8
      vertex 14.4915 54.1779 8
      vertex 14.7754 54.0436 8
    endloop
  endfacet
  facet normal 0 0 1
    outer loop
      vertex 12.8154 56.6863 8
      vertex 14.6316 56.8652 8
      vertex 14.625 57 8
    endloop
  endfacet
  facet normal -0 0 1
    outer loop
      vertex 13.1779 58.5085 8
      vertex 14.7874 57.6482 8
      vertex 13.3393 58.7778 8
    endloop
  endfacet
  facet normal 0 0 1
    outer loop
      vertex 14.7874 57.6482 8
      vertex 13.1779 58.5085 8
      vertex 14.7297 57.5262 8
    endloop
  endfacet
  facet normal 0 0 1
    outer loop
      vertex 15.2361 55.8567 8
      vertex 14.2222 54.3393 8
      vertex 14.4915 54.1779 8
    endloop
  endfacet
  facet normal -0 0 1
    outer loop
      vertex 13.0436 58.2246 8
      vertex 14.7297 57.5262 8
      vertex 13.1779 58.5085 8
    endloop
  endfacet
  facet normal 0 0 1
    outer loop
      vertex 15.1277 55.9371 8
      vertex 13.9699 54.5264 8
      vertex 14.2222 54.3393 8
    endloop
  endfacet
  facet normal 0 0 1
    outer loop
      vertex 14.7297 57.5262 8
      vertex 13.0436 58.2246 8
      vertex 14.6842 57.3991 8
    endloop
  endfacet
  facet normal 0 0 1
    outer loop
      vertex 15.0277 56.0277 8
      vertex 13.7373 54.7373 8
      vertex 13.9699 54.5264 8
    endloop
  endfacet
  facet normal -0 0 1
    outer loop
      vertex 12.9378 57.9289 8
      vertex 14.6842 57.3991 8
      vertex 13.0436 58.2246 8
    endloop
  endfacet
  facet normal 0 0 1
    outer loop
      vertex 14.9371 56.1277 8
      vertex 13.5264 54.9699 8
      vertex 13.7373 54.7373 8
    endloop
  endfacet
  facet normal 0 0 1
    outer loop
      vertex 14.6842 57.3991 8
      vertex 12.9378 57.9289 8
      vertex 14.6514 57.2682 8
    endloop
  endfacet
  facet normal 0 0 1
    outer loop
      vertex 14.8567 56.2361 8
      vertex 13.3393 55.2222 8
      vertex 13.5264 54.9699 8
    endloop
  endfacet
  facet normal -0 0 1
    outer loop
      vertex 12.8615 57.6243 8
      vertex 14.6514 57.2682 8
      vertex 12.9378 57.9289 8
    endloop
  endfacet
  facet normal 0 0 1
    outer loop
      vertex 14.7874 56.3518 8
      vertex 13.1779 55.4915 8
      vertex 13.3393 55.2222 8
    endloop
  endfacet
  facet normal 0 0 1
    outer loop
      vertex 14.6514 57.2682 8
      vertex 12.8615 57.6243 8
      vertex 14.6316 57.1348 8
    endloop
  endfacet
  facet normal 0 0 1
    outer loop
      vertex 14.7297 56.4738 8
      vertex 13.0436 55.7754 8
      vertex 13.1779 55.4915 8
    endloop
  endfacet
  facet normal -0 0 1
    outer loop
      vertex 12.8154 57.3137 8
      vertex 14.6316 57.1348 8
      vertex 12.8615 57.6243 8
    endloop
  endfacet
  facet normal 0 0 1
    outer loop
      vertex 14.6842 56.6009 8
      vertex 12.9378 56.0711 8
      vertex 13.0436 55.7754 8
    endloop
  endfacet
  facet normal 0 0 1
    outer loop
      vertex 14.6316 57.1348 8
      vertex 12.8154 57.3137 8
      vertex 14.625 57 8
    endloop
  endfacet
  facet normal 0 0 1
    outer loop
      vertex 14.6514 56.7318 8
      vertex 12.8615 56.3757 8
      vertex 12.9378 56.0711 8
    endloop
  endfacet
  facet normal 0 0 1
    outer loop
      vertex 12.8 57 8
      vertex 14.625 57 8
      vertex 12.8154 57.3137 8
    endloop
  endfacet
  facet normal 0 0 1
    outer loop
      vertex 14.6316 56.8652 8
      vertex 12.8154 56.6863 8
      vertex 12.8615 56.3757 8
    endloop
  endfacet
  facet normal 0 0 1
    outer loop
      vertex 14.625 57 8
      vertex 12.8 57 8
      vertex 12.8154 56.6863 8
    endloop
  endfacet
  facet normal 0.998797 -0.0490324 0
    outer loop
      vertex 19.1846 56.6863 8
      vertex 19.2 57 2
      vertex 19.2 57 8
    endloop
  endfacet
  facet normal 0.998797 -0.0490324 0
    outer loop
      vertex 19.2 57 2
      vertex 19.1846 56.6863 8
      vertex 19.1846 56.6863 2
    endloop
  endfacet
  facet normal 0.97003 -0.242985 0
    outer loop
      vertex 19.0622 56.0711 8
      vertex 19.1385 56.3757 2
      vertex 19.1385 56.3757 8
    endloop
  endfacet
  facet normal 0.97003 -0.242985 0
    outer loop
      vertex 19.1385 56.3757 2
      vertex 19.0622 56.0711 8
      vertex 19.0622 56.0711 2
    endloop
  endfacet
  facet normal 0.336881 -0.941547 0
    outer loop
      vertex 16.9289 53.9378 2
      vertex 17.2246 54.0436 8
      vertex 16.9289 53.9378 8
    endloop
  endfacet
  facet normal 0.336881 -0.941547 0
    outer loop
      vertex 17.2246 54.0436 8
      vertex 16.9289 53.9378 2
      vertex 17.2246 54.0436 2
    endloop
  endfacet
  facet normal 0.671705 -0.740819 0
    outer loop
      vertex 18.0301 54.5264 2
      vertex 18.2627 54.7373 8
      vertex 18.0301 54.5264 8
    endloop
  endfacet
  facet normal 0.671705 -0.740819 0
    outer loop
      vertex 18.2627 54.7373 8
      vertex 18.0301 54.5264 2
      vertex 18.2627 54.7373 2
    endloop
  endfacet
  facet normal 0.514074 -0.857746 0
    outer loop
      vertex 17.5085 54.1779 2
      vertex 17.7778 54.3393 8
      vertex 17.5085 54.1779 8
    endloop
  endfacet
  facet normal 0.514074 -0.857746 0
    outer loop
      vertex 17.7778 54.3393 8
      vertex 17.5085 54.1779 2
      vertex 17.7778 54.3393 2
    endloop
  endfacet
  facet normal 0.803236 -0.595661 0
    outer loop
      vertex 18.4736 54.9699 8
      vertex 18.6607 55.2222 2
      vertex 18.6607 55.2222 8
    endloop
  endfacet
  facet normal 0.803236 -0.595661 0
    outer loop
      vertex 18.6607 55.2222 2
      vertex 18.4736 54.9699 8
      vertex 18.4736 54.9699 2
    endloop
  endfacet
  facet normal -0.242985 -0.97003 0
    outer loop
      vertex 15.0711 53.9378 2
      vertex 15.3757 53.8615 8
      vertex 15.0711 53.9378 8
    endloop
  endfacet
  facet normal -0.242985 -0.97003 -0
    outer loop
      vertex 15.3757 53.8615 8
      vertex 15.0711 53.9378 2
      vertex 15.3757 53.8615 2
    endloop
  endfacet
  facet normal -0.595661 -0.803236 0
    outer loop
      vertex 13.9699 54.5264 2
      vertex 14.2222 54.3393 8
      vertex 13.9699 54.5264 8
    endloop
  endfacet
  facet normal -0.595661 -0.803236 -0
    outer loop
      vertex 14.2222 54.3393 8
      vertex 13.9699 54.5264 2
      vertex 14.2222 54.3393 2
    endloop
  endfacet
  facet normal -0.941547 -0.336881 0
    outer loop
      vertex 13.0436 55.7754 2
      vertex 12.9378 56.0711 8
      vertex 12.9378 56.0711 2
    endloop
  endfacet
  facet normal -0.941547 -0.336881 0
    outer loop
      vertex 12.9378 56.0711 8
      vertex 13.0436 55.7754 2
      vertex 13.0436 55.7754 8
    endloop
  endfacet
  facet normal -0.857746 -0.514074 0
    outer loop
      vertex 13.3393 55.2222 2
      vertex 13.1779 55.4915 8
      vertex 13.1779 55.4915 2
    endloop
  endfacet
  facet normal -0.857746 -0.514074 0
    outer loop
      vertex 13.1779 55.4915 8
      vertex 13.3393 55.2222 2
      vertex 13.3393 55.2222 8
    endloop
  endfacet
  facet normal -0.970012 -0.243059 0
    outer loop
      vertex 17.3486 57.2682 2
      vertex 17.3158 57.3991 8
      vertex 17.3158 57.3991 2
    endloop
  endfacet
  facet normal -0.970012 -0.243059 0
    outer loop
      vertex 17.3158 57.3991 8
      vertex 17.3486 57.2682 2
      vertex 17.3486 57.2682 8
    endloop
  endfacet
  facet normal -0.998804 -0.0489028 0
    outer loop
      vertex 17.375 57 2
      vertex 17.3684 57.1348 8
      vertex 17.3684 57.1348 2
    endloop
  endfacet
  facet normal -0.998804 -0.0489028 0
    outer loop
      vertex 17.3684 57.1348 8
      vertex 17.375 57 2
      vertex 17.375 57 8
    endloop
  endfacet
  facet normal 0.998804 -0.0489028 0
    outer loop
      vertex 14.625 57 8
      vertex 14.6316 57.1348 2
      vertex 14.6316 57.1348 8
    endloop
  endfacet
  facet normal 0.998804 -0.0489028 0
    outer loop
      vertex 14.6316 57.1348 2
      vertex 14.625 57 8
      vertex 14.625 57 2
    endloop
  endfacet
  facet normal -0.0489028 -0.998804 0
    outer loop
      vertex 16 58.375 2
      vertex 16.1348 58.3684 8
      vertex 16 58.375 8
    endloop
  endfacet
  facet normal -0.0489028 -0.998804 -0
    outer loop
      vertex 16.1348 58.3684 8
      vertex 16 58.375 2
      vertex 16.1348 58.3684 2
    endloop
  endfacet
  facet normal -0.671418 -0.741079 0
    outer loop
      vertex 16.8723 58.0629 2
      vertex 16.9723 57.9723 8
      vertex 16.8723 58.0629 8
    endloop
  endfacet
  facet normal -0.671418 -0.741079 -0
    outer loop
      vertex 16.9723 57.9723 8
      vertex 16.8723 58.0629 2
      vertex 16.9723 57.9723 2
    endloop
  endfacet
  facet normal 0.671418 -0.741079 0
    outer loop
      vertex 15.0277 57.9723 2
      vertex 15.1277 58.0629 8
      vertex 15.0277 57.9723 8
    endloop
  endfacet
  facet normal 0.671418 -0.741079 0
    outer loop
      vertex 15.1277 58.0629 8
      vertex 15.0277 57.9723 2
      vertex 15.1277 58.0629 2
    endloop
  endfacet
  facet normal 0.33704 -0.94149 0
    outer loop
      vertex 15.4738 58.2703 2
      vertex 15.6009 58.3158 8
      vertex 15.4738 58.2703 8
    endloop
  endfacet
  facet normal 0.33704 -0.94149 0
    outer loop
      vertex 15.6009 58.3158 8
      vertex 15.4738 58.2703 2
      vertex 15.6009 58.3158 2
    endloop
  endfacet
  facet normal 0.80319 0.595724 0
    outer loop
      vertex 14.9371 56.1277 8
      vertex 14.8567 56.2361 2
      vertex 14.8567 56.2361 8
    endloop
  endfacet
  facet normal 0.80319 0.595724 0
    outer loop
      vertex 14.8567 56.2361 2
      vertex 14.9371 56.1277 8
      vertex 14.9371 56.1277 2
    endloop
  endfacet
  facet normal -0.94149 -0.33704 0
    outer loop
      vertex 17.3158 57.3991 2
      vertex 17.2703 57.5262 8
      vertex 17.2703 57.5262 2
    endloop
  endfacet
  facet normal -0.94149 -0.33704 0
    outer loop
      vertex 17.2703 57.5262 8
      vertex 17.3158 57.3991 2
      vertex 17.3158 57.3991 8
    endloop
  endfacet
  facet normal -0.427545 -0.903994 0
    outer loop
      vertex 16.5262 58.2703 2
      vertex 16.6482 58.2126 8
      vertex 16.5262 58.2703 8
    endloop
  endfacet
  facet normal -0.427545 -0.903994 -0
    outer loop
      vertex 16.6482 58.2126 8
      vertex 16.5262 58.2703 2
      vertex 16.6482 58.2126 2
    endloop
  endfacet
  facet normal -0.595724 -0.80319 0
    outer loop
      vertex 16.7639 58.1433 2
      vertex 16.8723 58.0629 8
      vertex 16.7639 58.1433 8
    endloop
  endfacet
  facet normal -0.595724 -0.80319 -0
    outer loop
      vertex 16.8723 58.0629 8
      vertex 16.7639 58.1433 2
      vertex 16.8723 58.0629 2
    endloop
  endfacet
  facet normal 0.857885 -0.513841 0
    outer loop
      vertex 14.7874 57.6482 8
      vertex 14.8567 57.7639 2
      vertex 14.8567 57.7639 8
    endloop
  endfacet
  facet normal 0.857885 -0.513841 0
    outer loop
      vertex 14.8567 57.7639 2
      vertex 14.7874 57.6482 8
      vertex 14.7874 57.6482 2
    endloop
  endfacet
  facet normal 0.80319 -0.595724 0
    outer loop
      vertex 14.8567 57.7639 8
      vertex 14.9371 57.8723 2
      vertex 14.9371 57.8723 8
    endloop
  endfacet
  facet normal 0.80319 -0.595724 0
    outer loop
      vertex 14.9371 57.8723 2
      vertex 14.8567 57.7639 8
      vertex 14.8567 57.7639 2
    endloop
  endfacet
  facet normal -0.903994 0.427545 0
    outer loop
      vertex 17.2126 56.3518 2
      vertex 17.2703 56.4738 8
      vertex 17.2703 56.4738 2
    endloop
  endfacet
  facet normal -0.903994 0.427545 0
    outer loop
      vertex 17.2703 56.4738 8
      vertex 17.2126 56.3518 2
      vertex 17.2126 56.3518 8
    endloop
  endfacet
  facet normal -0.243059 0.970012 0
    outer loop
      vertex 16.3991 55.6842 2
      vertex 16.2682 55.6514 8
      vertex 16.3991 55.6842 8
    endloop
  endfacet
  facet normal -0.243059 0.970012 0
    outer loop
      vertex 16.2682 55.6514 8
      vertex 16.3991 55.6842 2
      vertex 16.2682 55.6514 2
    endloop
  endfacet
  facet normal -0.741079 0.671418 0
    outer loop
      vertex 16.9723 56.0277 2
      vertex 17.0629 56.1277 8
      vertex 17.0629 56.1277 2
    endloop
  endfacet
  facet normal -0.741079 0.671418 0
    outer loop
      vertex 17.0629 56.1277 8
      vertex 16.9723 56.0277 2
      vertex 16.9723 56.0277 8
    endloop
  endfacet
  facet normal -0.970012 0.243059 0
    outer loop
      vertex 17.3158 56.6009 2
      vertex 17.3486 56.7318 8
      vertex 17.3486 56.7318 2
    endloop
  endfacet
  facet normal -0.970012 0.243059 0
    outer loop
      vertex 17.3486 56.7318 8
      vertex 17.3158 56.6009 2
      vertex 17.3158 56.6009 8
    endloop
  endfacet
  facet normal 0.33704 0.94149 -0
    outer loop
      vertex 15.6009 55.6842 2
      vertex 15.4738 55.7297 8
      vertex 15.6009 55.6842 8
    endloop
  endfacet
  facet normal 0.33704 0.94149 0
    outer loop
      vertex 15.4738 55.7297 8
      vertex 15.6009 55.6842 2
      vertex 15.4738 55.7297 2
    endloop
  endfacet
  facet normal 0.513841 0.857885 -0
    outer loop
      vertex 15.3518 55.7874 2
      vertex 15.2361 55.8567 8
      vertex 15.3518 55.7874 8
    endloop
  endfacet
  facet normal 0.513841 0.857885 0
    outer loop
      vertex 15.2361 55.8567 8
      vertex 15.3518 55.7874 2
      vertex 15.2361 55.8567 2
    endloop
  endfacet
  facet normal 0.970012 0.243059 0
    outer loop
      vertex 14.6842 56.6009 8
      vertex 14.6514 56.7318 2
      vertex 14.6514 56.7318 8
    endloop
  endfacet
  facet normal 0.970012 0.243059 0
    outer loop
      vertex 14.6514 56.7318 2
      vertex 14.6842 56.6009 8
      vertex 14.6842 56.6009 2
    endloop
  endfacet
  facet normal -0.989164 -0.146817 0
    outer loop
      vertex 17.3684 57.1348 2
      vertex 17.3486 57.2682 8
      vertex 17.3486 57.2682 2
    endloop
  endfacet
  facet normal -0.989164 -0.146817 0
    outer loop
      vertex 17.3486 57.2682 8
      vertex 17.3684 57.1348 2
      vertex 17.3684 57.1348 8
    endloop
  endfacet
  facet normal -0.903994 -0.427545 0
    outer loop
      vertex 17.2703 57.5262 2
      vertex 17.2126 57.6482 8
      vertex 17.2126 57.6482 2
    endloop
  endfacet
  facet normal -0.903994 -0.427545 0
    outer loop
      vertex 17.2126 57.6482 8
      vertex 17.2703 57.5262 2
      vertex 17.2703 57.5262 8
    endloop
  endfacet
  facet normal -0.857885 -0.513841 0
    outer loop
      vertex 17.2126 57.6482 2
      vertex 17.1433 57.7639 8
      vertex 17.1433 57.7639 2
    endloop
  endfacet
  facet normal -0.857885 -0.513841 0
    outer loop
      vertex 17.1433 57.7639 8
      vertex 17.2126 57.6482 2
      vertex 17.2126 57.6482 8
    endloop
  endfacet
  facet normal -0.741079 -0.671418 0
    outer loop
      vertex 17.0629 57.8723 2
      vertex 16.9723 57.9723 8
      vertex 16.9723 57.9723 2
    endloop
  endfacet
  facet normal -0.741079 -0.671418 0
    outer loop
      vertex 16.9723 57.9723 8
      vertex 17.0629 57.8723 2
      vertex 17.0629 57.8723 8
    endloop
  endfacet
  facet normal -0.80319 -0.595724 0
    outer loop
      vertex 17.1433 57.7639 2
      vertex 17.0629 57.8723 8
      vertex 17.0629 57.8723 2
    endloop
  endfacet
  facet normal -0.80319 -0.595724 0
    outer loop
      vertex 17.0629 57.8723 8
      vertex 17.1433 57.7639 2
      vertex 17.1433 57.7639 8
    endloop
  endfacet
  facet normal -0.243059 -0.970012 0
    outer loop
      vertex 16.2682 58.3486 2
      vertex 16.3991 58.3158 8
      vertex 16.2682 58.3486 8
    endloop
  endfacet
  facet normal -0.243059 -0.970012 -0
    outer loop
      vertex 16.3991 58.3158 8
      vertex 16.2682 58.3486 2
      vertex 16.3991 58.3158 2
    endloop
  endfacet
  facet normal -0.146817 -0.989164 0
    outer loop
      vertex 16.1348 58.3684 2
      vertex 16.2682 58.3486 8
      vertex 16.1348 58.3684 8
    endloop
  endfacet
  facet normal -0.146817 -0.989164 -0
    outer loop
      vertex 16.2682 58.3486 8
      vertex 16.1348 58.3684 2
      vertex 16.2682 58.3486 2
    endloop
  endfacet
  facet normal -0.513841 -0.857885 0
    outer loop
      vertex 16.6482 58.2126 2
      vertex 16.7639 58.1433 8
      vertex 16.6482 58.2126 8
    endloop
  endfacet
  facet normal -0.513841 -0.857885 -0
    outer loop
      vertex 16.7639 58.1433 8
      vertex 16.6482 58.2126 2
      vertex 16.7639 58.1433 2
    endloop
  endfacet
  facet normal 0.903994 -0.427545 0
    outer loop
      vertex 14.7297 57.5262 8
      vertex 14.7874 57.6482 2
      vertex 14.7874 57.6482 8
    endloop
  endfacet
  facet normal 0.903994 -0.427545 0
    outer loop
      vertex 14.7874 57.6482 2
      vertex 14.7297 57.5262 8
      vertex 14.7297 57.5262 2
    endloop
  endfacet
  facet normal 0.970012 -0.243059 0
    outer loop
      vertex 14.6514 57.2682 8
      vertex 14.6842 57.3991 2
      vertex 14.6842 57.3991 8
    endloop
  endfacet
  facet normal 0.970012 -0.243059 0
    outer loop
      vertex 14.6842 57.3991 2
      vertex 14.6514 57.2682 8
      vertex 14.6514 57.2682 2
    endloop
  endfacet
  facet normal 0.989164 -0.146817 0
    outer loop
      vertex 14.6316 57.1348 8
      vertex 14.6514 57.2682 2
      vertex 14.6514 57.2682 8
    endloop
  endfacet
  facet normal 0.989164 -0.146817 0
    outer loop
      vertex 14.6514 57.2682 2
      vertex 14.6316 57.1348 8
      vertex 14.6316 57.1348 2
    endloop
  endfacet
  facet normal 0.513841 -0.857885 0
    outer loop
      vertex 15.2361 58.1433 2
      vertex 15.3518 58.2126 8
      vertex 15.2361 58.1433 8
    endloop
  endfacet
  facet normal 0.513841 -0.857885 0
    outer loop
      vertex 15.3518 58.2126 8
      vertex 15.2361 58.1433 2
      vertex 15.3518 58.2126 2
    endloop
  endfacet
  facet normal 0.595724 -0.80319 0
    outer loop
      vertex 15.1277 58.0629 2
      vertex 15.2361 58.1433 8
      vertex 15.1277 58.0629 8
    endloop
  endfacet
  facet normal 0.595724 -0.80319 0
    outer loop
      vertex 15.2361 58.1433 8
      vertex 15.1277 58.0629 2
      vertex 15.2361 58.1433 2
    endloop
  endfacet
  facet normal 0.0489028 -0.998804 0
    outer loop
      vertex 15.8652 58.3684 2
      vertex 16 58.375 8
      vertex 15.8652 58.3684 8
    endloop
  endfacet
  facet normal 0.0489028 -0.998804 0
    outer loop
      vertex 16 58.375 8
      vertex 15.8652 58.3684 2
      vertex 16 58.375 2
    endloop
  endfacet
  facet normal 0.243059 -0.970012 0
    outer loop
      vertex 15.6009 58.3158 2
      vertex 15.7318 58.3486 8
      vertex 15.6009 58.3158 8
    endloop
  endfacet
  facet normal 0.243059 -0.970012 0
    outer loop
      vertex 15.7318 58.3486 8
      vertex 15.6009 58.3158 2
      vertex 15.7318 58.3486 2
    endloop
  endfacet
  facet normal 0.146817 -0.989164 0
    outer loop
      vertex 15.7318 58.3486 2
      vertex 15.8652 58.3684 8
      vertex 15.7318 58.3486 8
    endloop
  endfacet
  facet normal 0.146817 -0.989164 0
    outer loop
      vertex 15.8652 58.3684 8
      vertex 15.7318 58.3486 2
      vertex 15.8652 58.3684 2
    endloop
  endfacet
  facet normal -0.0489028 0.998804 0
    outer loop
      vertex 16.1348 55.6316 2
      vertex 16 55.625 8
      vertex 16.1348 55.6316 8
    endloop
  endfacet
  facet normal -0.0489028 0.998804 0
    outer loop
      vertex 16 55.625 8
      vertex 16.1348 55.6316 2
      vertex 16 55.625 2
    endloop
  endfacet
  facet normal -0.146817 0.989164 0
    outer loop
      vertex 16.2682 55.6514 2
      vertex 16.1348 55.6316 8
      vertex 16.2682 55.6514 8
    endloop
  endfacet
  facet normal -0.146817 0.989164 0
    outer loop
      vertex 16.1348 55.6316 8
      vertex 16.2682 55.6514 2
      vertex 16.1348 55.6316 2
    endloop
  endfacet
  facet normal -0.513841 0.857885 0
    outer loop
      vertex 16.7639 55.8567 2
      vertex 16.6482 55.7874 8
      vertex 16.7639 55.8567 8
    endloop
  endfacet
  facet normal -0.513841 0.857885 0
    outer loop
      vertex 16.6482 55.7874 8
      vertex 16.7639 55.8567 2
      vertex 16.6482 55.7874 2
    endloop
  endfacet
  facet normal -0.671418 0.741079 0
    outer loop
      vertex 16.9723 56.0277 2
      vertex 16.8723 55.9371 8
      vertex 16.9723 56.0277 8
    endloop
  endfacet
  facet normal -0.671418 0.741079 0
    outer loop
      vertex 16.8723 55.9371 8
      vertex 16.9723 56.0277 2
      vertex 16.8723 55.9371 2
    endloop
  endfacet
  facet normal -0.595724 0.80319 0
    outer loop
      vertex 16.8723 55.9371 2
      vertex 16.7639 55.8567 8
      vertex 16.8723 55.9371 8
    endloop
  endfacet
  facet normal -0.595724 0.80319 0
    outer loop
      vertex 16.7639 55.8567 8
      vertex 16.8723 55.9371 2
      vertex 16.7639 55.8567 2
    endloop
  endfacet
  facet normal -0.80319 0.595724 0
    outer loop
      vertex 17.0629 56.1277 2
      vertex 17.1433 56.2361 8
      vertex 17.1433 56.2361 2
    endloop
  endfacet
  facet normal -0.80319 0.595724 0
    outer loop
      vertex 17.1433 56.2361 8
      vertex 17.0629 56.1277 2
      vertex 17.0629 56.1277 8
    endloop
  endfacet
  facet normal -0.857885 0.513841 0
    outer loop
      vertex 17.1433 56.2361 2
      vertex 17.2126 56.3518 8
      vertex 17.2126 56.3518 2
    endloop
  endfacet
  facet normal -0.857885 0.513841 0
    outer loop
      vertex 17.2126 56.3518 8
      vertex 17.1433 56.2361 2
      vertex 17.1433 56.2361 8
    endloop
  endfacet
  facet normal 0.146817 0.989164 -0
    outer loop
      vertex 15.8652 55.6316 2
      vertex 15.7318 55.6514 8
      vertex 15.8652 55.6316 8
    endloop
  endfacet
  facet normal 0.146817 0.989164 0
    outer loop
      vertex 15.7318 55.6514 8
      vertex 15.8652 55.6316 2
      vertex 15.7318 55.6514 2
    endloop
  endfacet
  facet normal 0.671418 0.741079 -0
    outer loop
      vertex 15.1277 55.9371 2
      vertex 15.0277 56.0277 8
      vertex 15.1277 55.9371 8
    endloop
  endfacet
  facet normal 0.671418 0.741079 0
    outer loop
      vertex 15.0277 56.0277 8
      vertex 15.1277 55.9371 2
      vertex 15.0277 56.0277 2
    endloop
  endfacet
  facet normal 0.427545 0.903994 -0
    outer loop
      vertex 15.4738 55.7297 2
      vertex 15.3518 55.7874 8
      vertex 15.4738 55.7297 8
    endloop
  endfacet
  facet normal 0.427545 0.903994 0
    outer loop
      vertex 15.3518 55.7874 8
      vertex 15.4738 55.7297 2
      vertex 15.3518 55.7874 2
    endloop
  endfacet
  facet normal 0.0489028 0.998804 -0
    outer loop
      vertex 16 55.625 2
      vertex 15.8652 55.6316 8
      vertex 16 55.625 8
    endloop
  endfacet
  facet normal 0.0489028 0.998804 0
    outer loop
      vertex 15.8652 55.6316 8
      vertex 16 55.625 2
      vertex 15.8652 55.6316 2
    endloop
  endfacet
  facet normal 0.595724 0.80319 -0
    outer loop
      vertex 15.2361 55.8567 2
      vertex 15.1277 55.9371 8
      vertex 15.2361 55.8567 8
    endloop
  endfacet
  facet normal 0.595724 0.80319 0
    outer loop
      vertex 15.1277 55.9371 8
      vertex 15.2361 55.8567 2
      vertex 15.1277 55.9371 2
    endloop
  endfacet
  facet normal 0.903994 0.427545 0
    outer loop
      vertex 14.7874 56.3518 8
      vertex 14.7297 56.4738 2
      vertex 14.7297 56.4738 8
    endloop
  endfacet
  facet normal 0.903994 0.427545 0
    outer loop
      vertex 14.7297 56.4738 2
      vertex 14.7874 56.3518 8
      vertex 14.7874 56.3518 2
    endloop
  endfacet
  facet normal 0.857885 0.513841 0
    outer loop
      vertex 14.8567 56.2361 8
      vertex 14.7874 56.3518 2
      vertex 14.7874 56.3518 8
    endloop
  endfacet
  facet normal 0.857885 0.513841 0
    outer loop
      vertex 14.7874 56.3518 2
      vertex 14.8567 56.2361 8
      vertex 14.8567 56.2361 2
    endloop
  endfacet
  facet normal 0.998804 0.0489028 0
    outer loop
      vertex 14.6316 56.8652 8
      vertex 14.625 57 2
      vertex 14.625 57 8
    endloop
  endfacet
  facet normal 0.998804 0.0489028 0
    outer loop
      vertex 14.625 57 2
      vertex 14.6316 56.8652 8
      vertex 14.6316 56.8652 2
    endloop
  endfacet
  facet normal -0.33704 -0.94149 0
    outer loop
      vertex 16.3991 58.3158 2
      vertex 16.5262 58.2703 8
      vertex 16.3991 58.3158 8
    endloop
  endfacet
  facet normal -0.33704 -0.94149 -0
    outer loop
      vertex 16.5262 58.2703 8
      vertex 16.3991 58.3158 2
      vertex 16.5262 58.2703 2
    endloop
  endfacet
  facet normal 0.741079 -0.671418 0
    outer loop
      vertex 14.9371 57.8723 8
      vertex 15.0277 57.9723 2
      vertex 15.0277 57.9723 8
    endloop
  endfacet
  facet normal 0.741079 -0.671418 0
    outer loop
      vertex 15.0277 57.9723 2
      vertex 14.9371 57.8723 8
      vertex 14.9371 57.8723 2
    endloop
  endfacet
  facet normal 0.94149 -0.33704 0
    outer loop
      vertex 14.6842 57.3991 8
      vertex 14.7297 57.5262 2
      vertex 14.7297 57.5262 8
    endloop
  endfacet
  facet normal 0.94149 -0.33704 0
    outer loop
      vertex 14.7297 57.5262 2
      vertex 14.6842 57.3991 8
      vertex 14.6842 57.3991 2
    endloop
  endfacet
  facet normal 0.427545 -0.903994 0
    outer loop
      vertex 15.3518 58.2126 2
      vertex 15.4738 58.2703 8
      vertex 15.3518 58.2126 8
    endloop
  endfacet
  facet normal 0.427545 -0.903994 0
    outer loop
      vertex 15.4738 58.2703 8
      vertex 15.3518 58.2126 2
      vertex 15.4738 58.2703 2
    endloop
  endfacet
  facet normal -0.427545 0.903994 0
    outer loop
      vertex 16.6482 55.7874 2
      vertex 16.5262 55.7297 8
      vertex 16.6482 55.7874 8
    endloop
  endfacet
  facet normal -0.427545 0.903994 0
    outer loop
      vertex 16.5262 55.7297 8
      vertex 16.6482 55.7874 2
      vertex 16.5262 55.7297 2
    endloop
  endfacet
  facet normal -0.33704 0.94149 0
    outer loop
      vertex 16.5262 55.7297 2
      vertex 16.3991 55.6842 8
      vertex 16.5262 55.7297 8
    endloop
  endfacet
  facet normal -0.33704 0.94149 0
    outer loop
      vertex 16.3991 55.6842 8
      vertex 16.5262 55.7297 2
      vertex 16.3991 55.6842 2
    endloop
  endfacet
  facet normal -0.94149 0.33704 0
    outer loop
      vertex 17.2703 56.4738 2
      vertex 17.3158 56.6009 8
      vertex 17.3158 56.6009 2
    endloop
  endfacet
  facet normal -0.94149 0.33704 0
    outer loop
      vertex 17.3158 56.6009 8
      vertex 17.2703 56.4738 2
      vertex 17.2703 56.4738 8
    endloop
  endfacet
  facet normal -0.989164 0.146817 0
    outer loop
      vertex 17.3486 56.7318 2
      vertex 17.3684 56.8652 8
      vertex 17.3684 56.8652 2
    endloop
  endfacet
  facet normal -0.989164 0.146817 0
    outer loop
      vertex 17.3684 56.8652 8
      vertex 17.3486 56.7318 2
      vertex 17.3486 56.7318 8
    endloop
  endfacet
  facet normal -0.998804 0.0489028 0
    outer loop
      vertex 17.3684 56.8652 2
      vertex 17.375 57 8
      vertex 17.375 57 2
    endloop
  endfacet
  facet normal -0.998804 0.0489028 0
    outer loop
      vertex 17.375 57 8
      vertex 17.3684 56.8652 2
      vertex 17.3684 56.8652 8
    endloop
  endfacet
  facet normal 0.243059 0.970012 -0
    outer loop
      vertex 15.7318 55.6514 2
      vertex 15.6009 55.6842 8
      vertex 15.7318 55.6514 8
    endloop
  endfacet
  facet normal 0.243059 0.970012 0
    outer loop
      vertex 15.6009 55.6842 8
      vertex 15.7318 55.6514 2
      vertex 15.6009 55.6842 2
    endloop
  endfacet
  facet normal 0.741079 0.671418 0
    outer loop
      vertex 15.0277 56.0277 8
      vertex 14.9371 56.1277 2
      vertex 14.9371 56.1277 8
    endloop
  endfacet
  facet normal 0.741079 0.671418 0
    outer loop
      vertex 14.9371 56.1277 2
      vertex 15.0277 56.0277 8
      vertex 15.0277 56.0277 2
    endloop
  endfacet
  facet normal 0.989164 0.146817 0
    outer loop
      vertex 14.6514 56.7318 8
      vertex 14.6316 56.8652 2
      vertex 14.6316 56.8652 8
    endloop
  endfacet
  facet normal 0.989164 0.146817 0
    outer loop
      vertex 14.6316 56.8652 2
      vertex 14.6514 56.7318 8
      vertex 14.6514 56.7318 2
    endloop
  endfacet
  facet normal 0.94149 0.33704 0
    outer loop
      vertex 14.7297 56.4738 8
      vertex 14.6842 56.6009 2
      vertex 14.6842 56.6009 8
    endloop
  endfacet
  facet normal 0.94149 0.33704 0
    outer loop
      vertex 14.6842 56.6009 2
      vertex 14.7297 56.4738 8
      vertex 14.7297 56.4738 2
    endloop
  endfacet
  facet normal 0.671705 0.740819 -0
    outer loop
      vertex 76.2627 10.2627 2
      vertex 76.0301 10.4736 8
      vertex 76.2627 10.2627 8
    endloop
  endfacet
  facet normal 0.671705 0.740819 0
    outer loop
      vertex 76.0301 10.4736 8
      vertex 76.2627 10.2627 2
      vertex 76.0301 10.4736 2
    endloop
  endfacet
  facet normal -0.336881 0.941547 0
    outer loop
      vertex 73.0711 11.0622 2
      vertex 72.7754 10.9564 8
      vertex 73.0711 11.0622 8
    endloop
  endfacet
  facet normal -0.336881 0.941547 0
    outer loop
      vertex 72.7754 10.9564 8
      vertex 73.0711 11.0622 2
      vertex 72.7754 10.9564 2
    endloop
  endfacet
  facet normal -0.903947 0.427646 0
    outer loop
      vertex 71.0436 9.22459 2
      vertex 71.1779 9.50847 8
      vertex 71.1779 9.50847 2
    endloop
  endfacet
  facet normal -0.903947 0.427646 0
    outer loop
      vertex 71.1779 9.50847 8
      vertex 71.0436 9.22459 2
      vertex 71.0436 9.22459 8
    endloop
  endfacet
  facet normal 0.903947 -0.427646 0
    outer loop
      vertex 76.8221 6.49153 8
      vertex 76.9564 6.77541 2
      vertex 76.9564 6.77541 8
    endloop
  endfacet
  facet normal 0.903947 -0.427646 0
    outer loop
      vertex 76.9564 6.77541 2
      vertex 76.8221 6.49153 8
      vertex 76.8221 6.49153 2
    endloop
  endfacet
  facet normal -0.427517 -0.904007 0
    outer loop
      vertex 72.4915 5.17785 2
      vertex 72.7754 5.04359 8
      vertex 72.4915 5.17785 8
    endloop
  endfacet
  facet normal -0.427517 -0.904007 -0
    outer loop
      vertex 72.7754 5.04359 8
      vertex 72.4915 5.17785 2
      vertex 72.7754 5.04359 2
    endloop
  endfacet
  facet normal 0.94154 0.336901 0
    outer loop
      vertex 77.0622 8.92891 8
      vertex 76.9564 9.22459 2
      vertex 76.9564 9.22459 8
    endloop
  endfacet
  facet normal 0.94154 0.336901 0
    outer loop
      vertex 76.9564 9.22459 2
      vertex 77.0622 8.92891 8
      vertex 77.0622 8.92891 2
    endloop
  endfacet
  facet normal 0.989167 0.146796 0
    outer loop
      vertex 77.1846 8.31365 8
      vertex 77.1385 8.62429 2
      vertex 77.1385 8.62429 8
    endloop
  endfacet
  facet normal 0.989167 0.146796 0
    outer loop
      vertex 77.1385 8.62429 2
      vertex 77.1846 8.31365 8
      vertex 77.1846 8.31365 2
    endloop
  endfacet
  facet normal 0.903947 0.427646 0
    outer loop
      vertex 76.9564 9.22459 8
      vertex 76.8221 9.50847 2
      vertex 76.8221 9.50847 8
    endloop
  endfacet
  facet normal 0.903947 0.427646 0
    outer loop
      vertex 76.8221 9.50847 2
      vertex 76.9564 9.22459 8
      vertex 76.9564 9.22459 2
    endloop
  endfacet
  facet normal 0.427621 0.903958 -0
    outer loop
      vertex 75.5085 10.8221 2
      vertex 75.2246 10.9564 8
      vertex 75.5085 10.8221 8
    endloop
  endfacet
  facet normal 0.427621 0.903958 0
    outer loop
      vertex 75.2246 10.9564 8
      vertex 75.5085 10.8221 2
      vertex 75.2246 10.9564 2
    endloop
  endfacet
  facet normal 0.146814 0.989164 -0
    outer loop
      vertex 74.6243 11.1385 2
      vertex 74.3137 11.1846 8
      vertex 74.6243 11.1385 8
    endloop
  endfacet
  facet normal 0.146814 0.989164 0
    outer loop
      vertex 74.3137 11.1846 8
      vertex 74.6243 11.1385 2
      vertex 74.3137 11.1846 2
    endloop
  endfacet
  facet normal -0.989167 0.146796 0
    outer loop
      vertex 70.8154 8.31365 2
      vertex 70.8615 8.62429 8
      vertex 70.8615 8.62429 2
    endloop
  endfacet
  facet normal -0.989167 0.146796 0
    outer loop
      vertex 70.8615 8.62429 8
      vertex 70.8154 8.31365 2
      vertex 70.8154 8.31365 8
    endloop
  endfacet
  facet normal -0.740819 0.671705 0
    outer loop
      vertex 71.5264 10.0301 2
      vertex 71.7373 10.2627 8
      vertex 71.7373 10.2627 2
    endloop
  endfacet
  facet normal -0.740819 0.671705 0
    outer loop
      vertex 71.7373 10.2627 8
      vertex 71.5264 10.0301 2
      vertex 71.5264 10.0301 8
    endloop
  endfacet
  facet normal -0.146814 0.989164 0
    outer loop
      vertex 73.6863 11.1846 2
      vertex 73.3757 11.1385 8
      vertex 73.6863 11.1846 8
    endloop
  endfacet
  facet normal -0.146814 0.989164 0
    outer loop
      vertex 73.3757 11.1385 8
      vertex 73.6863 11.1846 2
      vertex 73.3757 11.1385 2
    endloop
  endfacet
  facet normal 0.989167 -0.146796 0
    outer loop
      vertex 77.1385 7.37571 8
      vertex 77.1846 7.68635 2
      vertex 77.1846 7.68635 8
    endloop
  endfacet
  facet normal 0.989167 -0.146796 0
    outer loop
      vertex 77.1846 7.68635 2
      vertex 77.1385 7.37571 8
      vertex 77.1385 7.37571 2
    endloop
  endfacet
  facet normal 0.740933 -0.671578 0
    outer loop
      vertex 76.2627 5.73726 8
      vertex 76.4736 5.96994 2
      vertex 76.4736 5.96994 8
    endloop
  endfacet
  facet normal 0.740933 -0.671578 0
    outer loop
      vertex 76.4736 5.96994 2
      vertex 76.2627 5.73726 8
      vertex 76.2627 5.73726 2
    endloop
  endfacet
  facet normal -0.146752 -0.989173 0
    outer loop
      vertex 73.3757 4.86149 2
      vertex 73.6863 4.81541 8
      vertex 73.3757 4.86149 8
    endloop
  endfacet
  facet normal -0.146752 -0.989173 -0
    outer loop
      vertex 73.6863 4.81541 8
      vertex 73.3757 4.86149 2
      vertex 73.6863 4.81541 2
    endloop
  endfacet
  facet normal -0.671688 -0.740834 0
    outer loop
      vertex 71.7373 5.73726 2
      vertex 71.9699 5.52637 8
      vertex 71.7373 5.73726 8
    endloop
  endfacet
  facet normal -0.671688 -0.740834 -0
    outer loop
      vertex 71.9699 5.52637 8
      vertex 71.7373 5.73726 2
      vertex 71.9699 5.52637 2
    endloop
  endfacet
  facet normal 0.970034 0.24297 0
    outer loop
      vertex 77.1385 8.62429 8
      vertex 77.0622 8.92891 2
      vertex 77.0622 8.92891 8
    endloop
  endfacet
  facet normal 0.970034 0.24297 0
    outer loop
      vertex 77.0622 8.92891 2
      vertex 77.1385 8.62429 8
      vertex 77.1385 8.62429 2
    endloop
  endfacet
  facet normal 0.803213 0.595692 0
    outer loop
      vertex 76.6607 9.77782 8
      vertex 76.4736 10.0301 2
      vertex 76.4736 10.0301 8
    endloop
  endfacet
  facet normal 0.803213 0.595692 0
    outer loop
      vertex 76.4736 10.0301 2
      vertex 76.6607 9.77782 8
      vertex 76.6607 9.77782 2
    endloop
  endfacet
  facet normal 0.857788 0.514004 0
    outer loop
      vertex 76.8221 9.50847 8
      vertex 76.6607 9.77782 2
      vertex 76.6607 9.77782 8
    endloop
  endfacet
  facet normal 0.857788 0.514004 0
    outer loop
      vertex 76.6607 9.77782 2
      vertex 76.8221 9.50847 8
      vertex 76.8221 9.50847 2
    endloop
  endfacet
  facet normal 0.740819 0.671705 0
    outer loop
      vertex 76.4736 10.0301 8
      vertex 76.2627 10.2627 2
      vertex 76.2627 10.2627 8
    endloop
  endfacet
  facet normal 0.740819 0.671705 0
    outer loop
      vertex 76.2627 10.2627 2
      vertex 76.4736 10.0301 8
      vertex 76.4736 10.0301 2
    endloop
  endfacet
  facet normal 0.595661 0.803236 -0
    outer loop
      vertex 76.0301 10.4736 2
      vertex 75.7778 10.6607 8
      vertex 76.0301 10.4736 8
    endloop
  endfacet
  facet normal 0.595661 0.803236 0
    outer loop
      vertex 75.7778 10.6607 8
      vertex 76.0301 10.4736 2
      vertex 75.7778 10.6607 2
    endloop
  endfacet
  facet normal 0.0490324 0.998797 -0
    outer loop
      vertex 74.3137 11.1846 2
      vertex 74 11.2 8
      vertex 74.3137 11.1846 8
    endloop
  endfacet
  facet normal 0.0490324 0.998797 0
    outer loop
      vertex 74 11.2 8
      vertex 74.3137 11.1846 2
      vertex 74 11.2 2
    endloop
  endfacet
  facet normal 0.514074 0.857746 -0
    outer loop
      vertex 75.7778 10.6607 2
      vertex 75.5085 10.8221 8
      vertex 75.7778 10.6607 8
    endloop
  endfacet
  facet normal 0.514074 0.857746 0
    outer loop
      vertex 75.5085 10.8221 8
      vertex 75.7778 10.6607 2
      vertex 75.5085 10.8221 2
    endloop
  endfacet
  facet normal 0.336881 0.941547 -0
    outer loop
      vertex 75.2246 10.9564 2
      vertex 74.9289 11.0622 8
      vertex 75.2246 10.9564 8
    endloop
  endfacet
  facet normal 0.336881 0.941547 0
    outer loop
      vertex 74.9289 11.0622 8
      vertex 75.2246 10.9564 2
      vertex 74.9289 11.0622 2
    endloop
  endfacet
  facet normal 0.242985 0.97003 -0
    outer loop
      vertex 74.9289 11.0622 2
      vertex 74.6243 11.1385 8
      vertex 74.9289 11.0622 8
    endloop
  endfacet
  facet normal 0.242985 0.97003 0
    outer loop
      vertex 74.6243 11.1385 8
      vertex 74.9289 11.0622 2
      vertex 74.6243 11.1385 2
    endloop
  endfacet
  facet normal -0.998797 0.0490402 0
    outer loop
      vertex 70.8 8 2
      vertex 70.8154 8.31365 8
      vertex 70.8154 8.31365 2
    endloop
  endfacet
  facet normal -0.998797 0.0490402 0
    outer loop
      vertex 70.8154 8.31365 8
      vertex 70.8 8 2
      vertex 70.8 8 8
    endloop
  endfacet
  facet normal -0.94154 0.336901 0
    outer loop
      vertex 70.9378 8.92891 2
      vertex 71.0436 9.22459 8
      vertex 71.0436 9.22459 2
    endloop
  endfacet
  facet normal -0.94154 0.336901 0
    outer loop
      vertex 71.0436 9.22459 8
      vertex 70.9378 8.92891 2
      vertex 70.9378 8.92891 8
    endloop
  endfacet
  facet normal -0.970034 0.24297 0
    outer loop
      vertex 70.8615 8.62429 2
      vertex 70.9378 8.92891 8
      vertex 70.9378 8.92891 2
    endloop
  endfacet
  facet normal -0.970034 0.24297 0
    outer loop
      vertex 70.9378 8.92891 8
      vertex 70.8615 8.62429 2
      vertex 70.8615 8.62429 8
    endloop
  endfacet
  facet normal -0.857788 0.514004 0
    outer loop
      vertex 71.1779 9.50847 2
      vertex 71.3393 9.77782 8
      vertex 71.3393 9.77782 2
    endloop
  endfacet
  facet normal -0.857788 0.514004 0
    outer loop
      vertex 71.3393 9.77782 8
      vertex 71.1779 9.50847 2
      vertex 71.1779 9.50847 8
    endloop
  endfacet
  facet normal -0.803213 0.595692 0
    outer loop
      vertex 71.3393 9.77782 2
      vertex 71.5264 10.0301 8
      vertex 71.5264 10.0301 2
    endloop
  endfacet
  facet normal -0.803213 0.595692 0
    outer loop
      vertex 71.5264 10.0301 8
      vertex 71.3393 9.77782 2
      vertex 71.3393 9.77782 8
    endloop
  endfacet
  facet normal -0.242985 0.97003 0
    outer loop
      vertex 73.3757 11.1385 2
      vertex 73.0711 11.0622 8
      vertex 73.3757 11.1385 8
    endloop
  endfacet
  facet normal -0.242985 0.97003 0
    outer loop
      vertex 73.0711 11.0622 8
      vertex 73.3757 11.1385 2
      vertex 73.0711 11.0622 2
    endloop
  endfacet
  facet normal -0.0490324 0.998797 0
    outer loop
      vertex 74 11.2 2
      vertex 73.6863 11.1846 8
      vertex 74 11.2 8
    endloop
  endfacet
  facet normal -0.0490324 0.998797 0
    outer loop
      vertex 73.6863 11.1846 8
      vertex 74 11.2 2
      vertex 73.6863 11.1846 2
    endloop
  endfacet
  facet normal -0.514074 0.857746 0
    outer loop
      vertex 72.4915 10.8221 2
      vertex 72.2222 10.6607 8
      vertex 72.4915 10.8221 8
    endloop
  endfacet
  facet normal -0.514074 0.857746 0
    outer loop
      vertex 72.2222 10.6607 8
      vertex 72.4915 10.8221 2
      vertex 72.2222 10.6607 2
    endloop
  endfacet
  facet normal -0.595661 0.803236 0
    outer loop
      vertex 72.2222 10.6607 2
      vertex 71.9699 10.4736 8
      vertex 72.2222 10.6607 8
    endloop
  endfacet
  facet normal -0.595661 0.803236 0
    outer loop
      vertex 71.9699 10.4736 8
      vertex 72.2222 10.6607 2
      vertex 71.9699 10.4736 2
    endloop
  endfacet
  facet normal -0.427621 0.903958 0
    outer loop
      vertex 72.7754 10.9564 2
      vertex 72.4915 10.8221 8
      vertex 72.7754 10.9564 8
    endloop
  endfacet
  facet normal -0.427621 0.903958 0
    outer loop
      vertex 72.4915 10.8221 8
      vertex 72.7754 10.9564 2
      vertex 72.4915 10.8221 2
    endloop
  endfacet
  facet normal -0.671705 0.740819 0
    outer loop
      vertex 71.9699 10.4736 2
      vertex 71.7373 10.2627 8
      vertex 71.9699 10.4736 8
    endloop
  endfacet
  facet normal -0.671705 0.740819 0
    outer loop
      vertex 71.7373 10.2627 8
      vertex 71.9699 10.4736 2
      vertex 71.7373 10.2627 2
    endloop
  endfacet
  facet normal 0.998797 0.0490402 0
    outer loop
      vertex 77.2 8 8
      vertex 77.1846 8.31365 2
      vertex 77.1846 8.31365 8
    endloop
  endfacet
  facet normal 0.998797 0.0490402 0
    outer loop
      vertex 77.1846 8.31365 2
      vertex 77.2 8 8
      vertex 77.2 8 2
    endloop
  endfacet
  facet normal 0.0490642 -0.998796 0
    outer loop
      vertex 74 4.8 2
      vertex 74.3137 4.81541 8
      vertex 74 4.8 8
    endloop
  endfacet
  facet normal 0.0490642 -0.998796 0
    outer loop
      vertex 74.3137 4.81541 8
      vertex 74 4.8 2
      vertex 74.3137 4.81541 2
    endloop
  endfacet
  facet normal 0.94154 -0.336901 0
    outer loop
      vertex 76.9564 6.77541 8
      vertex 77.0622 7.07109 2
      vertex 77.0622 7.07109 8
    endloop
  endfacet
  facet normal 0.94154 -0.336901 0
    outer loop
      vertex 77.0622 7.07109 2
      vertex 76.9564 6.77541 8
      vertex 76.9564 6.77541 2
    endloop
  endfacet
  facet normal 0.146752 -0.989173 0
    outer loop
      vertex 74.3137 4.81541 2
      vertex 74.6243 4.86149 8
      vertex 74.3137 4.81541 8
    endloop
  endfacet
  facet normal 0.146752 -0.989173 0
    outer loop
      vertex 74.6243 4.86149 8
      vertex 74.3137 4.81541 2
      vertex 74.6243 4.86149 2
    endloop
  endfacet
  facet normal 0.242985 -0.97003 0
    outer loop
      vertex 74.6243 4.86149 2
      vertex 74.9289 4.93779 8
      vertex 74.6243 4.86149 8
    endloop
  endfacet
  facet normal 0.242985 -0.97003 0
    outer loop
      vertex 74.9289 4.93779 8
      vertex 74.6243 4.86149 2
      vertex 74.9289 4.93779 2
    endloop
  endfacet
  facet normal 0.5956 -0.803281 0
    outer loop
      vertex 75.7778 5.3393 2
      vertex 76.0301 5.52637 8
      vertex 75.7778 5.3393 8
    endloop
  endfacet
  facet normal 0.5956 -0.803281 0
    outer loop
      vertex 76.0301 5.52637 8
      vertex 75.7778 5.3393 2
      vertex 76.0301 5.52637 2
    endloop
  endfacet
  facet normal 0.427517 -0.904007 0
    outer loop
      vertex 75.2246 5.04359 2
      vertex 75.5085 5.17785 8
      vertex 75.2246 5.04359 8
    endloop
  endfacet
  facet normal 0.427517 -0.904007 0
    outer loop
      vertex 75.5085 5.17785 8
      vertex 75.2246 5.04359 2
      vertex 75.5085 5.17785 2
    endloop
  endfacet
  facet normal 0.857788 -0.514004 0
    outer loop
      vertex 76.6607 6.22218 8
      vertex 76.8221 6.49153 2
      vertex 76.8221 6.49153 8
    endloop
  endfacet
  facet normal 0.857788 -0.514004 0
    outer loop
      vertex 76.8221 6.49153 2
      vertex 76.6607 6.22218 8
      vertex 76.6607 6.22218 2
    endloop
  endfacet
  facet normal -0.0490642 -0.998796 0
    outer loop
      vertex 73.6863 4.81541 2
      vertex 74 4.8 8
      vertex 73.6863 4.81541 8
    endloop
  endfacet
  facet normal -0.0490642 -0.998796 -0
    outer loop
      vertex 74 4.8 8
      vertex 73.6863 4.81541 2
      vertex 74 4.8 2
    endloop
  endfacet
  facet normal -0.336881 -0.941547 0
    outer loop
      vertex 72.7754 5.04359 2
      vertex 73.0711 4.93779 8
      vertex 72.7754 5.04359 8
    endloop
  endfacet
  facet normal -0.336881 -0.941547 -0
    outer loop
      vertex 73.0711 4.93779 8
      vertex 72.7754 5.04359 2
      vertex 73.0711 4.93779 2
    endloop
  endfacet
  facet normal -0.514191 -0.857676 0
    outer loop
      vertex 72.2222 5.3393 2
      vertex 72.4915 5.17785 8
      vertex 72.2222 5.3393 8
    endloop
  endfacet
  facet normal -0.514191 -0.857676 -0
    outer loop
      vertex 72.4915 5.17785 8
      vertex 72.2222 5.3393 2
      vertex 72.4915 5.17785 2
    endloop
  endfacet
  facet normal -0.998797 -0.0490402 0
    outer loop
      vertex 70.8154 7.68635 2
      vertex 70.8 8 8
      vertex 70.8 8 2
    endloop
  endfacet
  facet normal -0.998797 -0.0490402 0
    outer loop
      vertex 70.8 8 8
      vertex 70.8154 7.68635 2
      vertex 70.8154 7.68635 8
    endloop
  endfacet
  facet normal -0.970034 -0.24297 0
    outer loop
      vertex 70.9378 7.07109 2
      vertex 70.8615 7.37571 8
      vertex 70.8615 7.37571 2
    endloop
  endfacet
  facet normal -0.970034 -0.24297 0
    outer loop
      vertex 70.8615 7.37571 8
      vertex 70.9378 7.07109 2
      vertex 70.9378 7.07109 8
    endloop
  endfacet
  facet normal -0.989167 -0.146796 0
    outer loop
      vertex 70.8615 7.37571 2
      vertex 70.8154 7.68635 8
      vertex 70.8154 7.68635 2
    endloop
  endfacet
  facet normal -0.989167 -0.146796 0
    outer loop
      vertex 70.8154 7.68635 8
      vertex 70.8615 7.37571 2
      vertex 70.8615 7.37571 8
    endloop
  endfacet
  facet normal -0.803168 -0.595753 0
    outer loop
      vertex 71.5264 5.96994 2
      vertex 71.3393 6.22218 8
      vertex 71.3393 6.22218 2
    endloop
  endfacet
  facet normal -0.803168 -0.595753 0
    outer loop
      vertex 71.3393 6.22218 8
      vertex 71.5264 5.96994 2
      vertex 71.5264 5.96994 8
    endloop
  endfacet
  facet normal -0.903947 -0.427646 0
    outer loop
      vertex 71.1779 6.49153 2
      vertex 71.0436 6.77541 8
      vertex 71.0436 6.77541 2
    endloop
  endfacet
  facet normal -0.903947 -0.427646 0
    outer loop
      vertex 71.0436 6.77541 8
      vertex 71.1779 6.49153 2
      vertex 71.1779 6.49153 8
    endloop
  endfacet
  facet normal -0.740933 -0.671578 0
    outer loop
      vertex 71.7373 5.73726 2
      vertex 71.5264 5.96994 8
      vertex 71.5264 5.96994 2
    endloop
  endfacet
  facet normal -0.740933 -0.671578 0
    outer loop
      vertex 71.5264 5.96994 8
      vertex 71.7373 5.73726 2
      vertex 71.7373 5.73726 8
    endloop
  endfacet
  facet normal 0 0 1
    outer loop
      vertex 75.375 8 8
      vertex 77.2 8 8
      vertex 77.1846 8.31365 8
    endloop
  endfacet
  facet normal 0 0 1
    outer loop
      vertex 75.3684 8.13477 8
      vertex 77.1846 8.31365 8
      vertex 77.1385 8.62429 8
    endloop
  endfacet
  facet normal 0 0 1
    outer loop
      vertex 77.2 8 8
      vertex 75.375 8 8
      vertex 77.1846 7.68635 8
    endloop
  endfacet
  facet normal 0 0 1
    outer loop
      vertex 75.3486 8.26825 8
      vertex 77.1385 8.62429 8
      vertex 77.0622 8.92891 8
    endloop
  endfacet
  facet normal -0 0 1
    outer loop
      vertex 75.3684 7.86523 8
      vertex 77.1846 7.68635 8
      vertex 75.375 8 8
    endloop
  endfacet
  facet normal 0 0 1
    outer loop
      vertex 75.3158 8.39914 8
      vertex 77.0622 8.92891 8
      vertex 76.9564 9.22459 8
    endloop
  endfacet
  facet normal 0 0 1
    outer loop
      vertex 77.1846 7.68635 8
      vertex 75.3684 7.86523 8
      vertex 77.1385 7.37571 8
    endloop
  endfacet
  facet normal 0 0 1
    outer loop
      vertex 75.2703 8.52619 8
      vertex 76.9564 9.22459 8
      vertex 76.8221 9.50847 8
    endloop
  endfacet
  facet normal -0 0 1
    outer loop
      vertex 75.3486 7.73175 8
      vertex 77.1385 7.37571 8
      vertex 75.3684 7.86523 8
    endloop
  endfacet
  facet normal 0 0 1
    outer loop
      vertex 75.2126 8.64817 8
      vertex 76.8221 9.50847 8
      vertex 76.6607 9.77782 8
    endloop
  endfacet
  facet normal 0 0 1
    outer loop
      vertex 77.1385 7.37571 8
      vertex 75.3486 7.73175 8
      vertex 77.0622 7.07109 8
    endloop
  endfacet
  facet normal 0 0 1
    outer loop
      vertex 75.1433 8.76391 8
      vertex 76.6607 9.77782 8
      vertex 76.4736 10.0301 8
    endloop
  endfacet
  facet normal -0 0 1
    outer loop
      vertex 75.3158 7.60086 8
      vertex 77.0622 7.07109 8
      vertex 75.3486 7.73175 8
    endloop
  endfacet
  facet normal 0 0 1
    outer loop
      vertex 75.0629 8.87229 8
      vertex 76.4736 10.0301 8
      vertex 76.2627 10.2627 8
    endloop
  endfacet
  facet normal 0 0 1
    outer loop
      vertex 77.0622 7.07109 8
      vertex 75.3158 7.60086 8
      vertex 76.9564 6.77541 8
    endloop
  endfacet
  facet normal 0 0 1
    outer loop
      vertex 74.9723 8.97227 8
      vertex 76.2627 10.2627 8
      vertex 76.0301 10.4736 8
    endloop
  endfacet
  facet normal -0 0 1
    outer loop
      vertex 75.2703 7.47381 8
      vertex 76.9564 6.77541 8
      vertex 75.3158 7.60086 8
    endloop
  endfacet
  facet normal 0 0 1
    outer loop
      vertex 74.8723 9.06289 8
      vertex 76.0301 10.4736 8
      vertex 75.7778 10.6607 8
    endloop
  endfacet
  facet normal 0 0 1
    outer loop
      vertex 76.9564 6.77541 8
      vertex 75.2703 7.47381 8
      vertex 76.8221 6.49153 8
    endloop
  endfacet
  facet normal 0 0 1
    outer loop
      vertex 74.7639 9.14327 8
      vertex 75.7778 10.6607 8
      vertex 75.5085 10.8221 8
    endloop
  endfacet
  facet normal -0 0 1
    outer loop
      vertex 75.2126 7.35183 8
      vertex 76.8221 6.49153 8
      vertex 75.2703 7.47381 8
    endloop
  endfacet
  facet normal 0 0 1
    outer loop
      vertex 76.8221 6.49153 8
      vertex 75.2126 7.35183 8
      vertex 76.6607 6.22218 8
    endloop
  endfacet
  facet normal 0 0 1
    outer loop
      vertex 77.1846 8.31365 8
      vertex 75.3684 8.13477 8
      vertex 75.375 8 8
    endloop
  endfacet
  facet normal 0 0 1
    outer loop
      vertex 77.1385 8.62429 8
      vertex 75.3486 8.26825 8
      vertex 75.3684 8.13477 8
    endloop
  endfacet
  facet normal 0 0 1
    outer loop
      vertex 77.0622 8.92891 8
      vertex 75.3158 8.39914 8
      vertex 75.3486 8.26825 8
    endloop
  endfacet
  facet normal 0 0 1
    outer loop
      vertex 76.9564 9.22459 8
      vertex 75.2703 8.52619 8
      vertex 75.3158 8.39914 8
    endloop
  endfacet
  facet normal 0 0 1
    outer loop
      vertex 74.6482 9.21264 8
      vertex 75.5085 10.8221 8
      vertex 75.2246 10.9564 8
    endloop
  endfacet
  facet normal 0 0 1
    outer loop
      vertex 76.8221 9.50847 8
      vertex 75.2126 8.64817 8
      vertex 75.2703 8.52619 8
    endloop
  endfacet
  facet normal 0 0 1
    outer loop
      vertex 76.6607 9.77782 8
      vertex 75.1433 8.76391 8
      vertex 75.2126 8.64817 8
    endloop
  endfacet
  facet normal 0 0 1
    outer loop
      vertex 76.4736 10.0301 8
      vertex 75.0629 8.87229 8
      vertex 75.1433 8.76391 8
    endloop
  endfacet
  facet normal 0 0 1
    outer loop
      vertex 76.2627 10.2627 8
      vertex 74.9723 8.97227 8
      vertex 75.0629 8.87229 8
    endloop
  endfacet
  facet normal 0 0 1
    outer loop
      vertex 74.5262 9.27033 8
      vertex 75.2246 10.9564 8
      vertex 74.9289 11.0622 8
    endloop
  endfacet
  facet normal 0 0 1
    outer loop
      vertex 76.0301 10.4736 8
      vertex 74.8723 9.06289 8
      vertex 74.9723 8.97227 8
    endloop
  endfacet
  facet normal 0 0 1
    outer loop
      vertex 75.7778 10.6607 8
      vertex 74.7639 9.14327 8
      vertex 74.8723 9.06289 8
    endloop
  endfacet
  facet normal 0 0 1
    outer loop
      vertex 75.5085 10.8221 8
      vertex 74.6482 9.21264 8
      vertex 74.7639 9.14327 8
    endloop
  endfacet
  facet normal 0 0 1
    outer loop
      vertex 74.3991 9.31579 8
      vertex 74.9289 11.0622 8
      vertex 74.6243 11.1385 8
    endloop
  endfacet
  facet normal 0 0 1
    outer loop
      vertex 75.2246 10.9564 8
      vertex 74.5262 9.27033 8
      vertex 74.6482 9.21264 8
    endloop
  endfacet
  facet normal 0 0 1
    outer loop
      vertex 74.9289 11.0622 8
      vertex 74.3991 9.31579 8
      vertex 74.5262 9.27033 8
    endloop
  endfacet
  facet normal 0 0 1
    outer loop
      vertex 74.2682 9.34858 8
      vertex 74.6243 11.1385 8
      vertex 74.3137 11.1846 8
    endloop
  endfacet
  facet normal 0 0 1
    outer loop
      vertex 74.6243 11.1385 8
      vertex 74.2682 9.34858 8
      vertex 74.3991 9.31579 8
    endloop
  endfacet
  facet normal 0 0 1
    outer loop
      vertex 74.3137 11.1846 8
      vertex 74.1348 9.36838 8
      vertex 74.2682 9.34858 8
    endloop
  endfacet
  facet normal 0 0 1
    outer loop
      vertex 74 11.2 8
      vertex 74.1348 9.36838 8
      vertex 74.3137 11.1846 8
    endloop
  endfacet
  facet normal 0 0 1
    outer loop
      vertex 74 11.2 8
      vertex 74 9.375 8
      vertex 74.1348 9.36838 8
    endloop
  endfacet
  facet normal 0 0 1
    outer loop
      vertex 74 11.2 8
      vertex 73.8652 9.36838 8
      vertex 74 9.375 8
    endloop
  endfacet
  facet normal -0 0 1
    outer loop
      vertex 73.6863 11.1846 8
      vertex 73.8652 9.36838 8
      vertex 74 11.2 8
    endloop
  endfacet
  facet normal 0 0 1
    outer loop
      vertex 73.8652 9.36838 8
      vertex 73.6863 11.1846 8
      vertex 73.7318 9.34858 8
    endloop
  endfacet
  facet normal -0 0 1
    outer loop
      vertex 73.3757 11.1385 8
      vertex 73.7318 9.34858 8
      vertex 73.6863 11.1846 8
    endloop
  endfacet
  facet normal 0 0 1
    outer loop
      vertex 73.7318 9.34858 8
      vertex 73.3757 11.1385 8
      vertex 73.6009 9.31579 8
    endloop
  endfacet
  facet normal -0 0 1
    outer loop
      vertex 73.0711 11.0622 8
      vertex 73.6009 9.31579 8
      vertex 73.3757 11.1385 8
    endloop
  endfacet
  facet normal 0 0 1
    outer loop
      vertex 73.6009 9.31579 8
      vertex 73.0711 11.0622 8
      vertex 73.4738 9.27033 8
    endloop
  endfacet
  facet normal -0 0 1
    outer loop
      vertex 72.7754 10.9564 8
      vertex 73.4738 9.27033 8
      vertex 73.0711 11.0622 8
    endloop
  endfacet
  facet normal 0 0 1
    outer loop
      vertex 73.4738 9.27033 8
      vertex 72.7754 10.9564 8
      vertex 73.3518 9.21264 8
    endloop
  endfacet
  facet normal -0 0 1
    outer loop
      vertex 72.4915 10.8221 8
      vertex 73.3518 9.21264 8
      vertex 72.7754 10.9564 8
    endloop
  endfacet
  facet normal 0 0 1
    outer loop
      vertex 73.3518 9.21264 8
      vertex 72.4915 10.8221 8
      vertex 73.2361 9.14327 8
    endloop
  endfacet
  facet normal -0 0 1
    outer loop
      vertex 72.2222 10.6607 8
      vertex 73.2361 9.14327 8
      vertex 72.4915 10.8221 8
    endloop
  endfacet
  facet normal 0 0 1
    outer loop
      vertex 73.2361 9.14327 8
      vertex 72.2222 10.6607 8
      vertex 73.1277 9.06289 8
    endloop
  endfacet
  facet normal -0 0 1
    outer loop
      vertex 71.9699 10.4736 8
      vertex 73.1277 9.06289 8
      vertex 72.2222 10.6607 8
    endloop
  endfacet
  facet normal 0 0 1
    outer loop
      vertex 73.1277 9.06289 8
      vertex 71.9699 10.4736 8
      vertex 73.0277 8.97227 8
    endloop
  endfacet
  facet normal -0 0 1
    outer loop
      vertex 71.7373 10.2627 8
      vertex 73.0277 8.97227 8
      vertex 71.9699 10.4736 8
    endloop
  endfacet
  facet normal 0 0 1
    outer loop
      vertex 73.0277 8.97227 8
      vertex 71.7373 10.2627 8
      vertex 72.9371 8.87229 8
    endloop
  endfacet
  facet normal -0 0 1
    outer loop
      vertex 71.5264 10.0301 8
      vertex 72.9371 8.87229 8
      vertex 71.7373 10.2627 8
    endloop
  endfacet
  facet normal 0 0 1
    outer loop
      vertex 72.9371 8.87229 8
      vertex 71.5264 10.0301 8
      vertex 72.8567 8.76391 8
    endloop
  endfacet
  facet normal 0 0 1
    outer loop
      vertex 72.8567 8.76391 8
      vertex 71.3393 9.77782 8
      vertex 72.7874 8.64817 8
    endloop
  endfacet
  facet normal -0 0 1
    outer loop
      vertex 71.3393 9.77782 8
      vertex 72.8567 8.76391 8
      vertex 71.5264 10.0301 8
    endloop
  endfacet
  facet normal -0 0 1
    outer loop
      vertex 75.1433 7.23609 8
      vertex 76.6607 6.22218 8
      vertex 75.2126 7.35183 8
    endloop
  endfacet
  facet normal 0 0 1
    outer loop
      vertex 76.6607 6.22218 8
      vertex 75.1433 7.23609 8
      vertex 76.4736 5.96994 8
    endloop
  endfacet
  facet normal -0 0 1
    outer loop
      vertex 75.0629 7.12771 8
      vertex 76.4736 5.96994 8
      vertex 75.1433 7.23609 8
    endloop
  endfacet
  facet normal 0 0 1
    outer loop
      vertex 76.4736 5.96994 8
      vertex 75.0629 7.12771 8
      vertex 76.2627 5.73726 8
    endloop
  endfacet
  facet normal -0 0 1
    outer loop
      vertex 74.9723 7.02773 8
      vertex 76.2627 5.73726 8
      vertex 75.0629 7.12771 8
    endloop
  endfacet
  facet normal 0 0 1
    outer loop
      vertex 76.2627 5.73726 8
      vertex 74.9723 7.02773 8
      vertex 76.0301 5.52637 8
    endloop
  endfacet
  facet normal -0 0 1
    outer loop
      vertex 74.8723 6.93711 8
      vertex 76.0301 5.52637 8
      vertex 74.9723 7.02773 8
    endloop
  endfacet
  facet normal 0 0 1
    outer loop
      vertex 76.0301 5.52637 8
      vertex 74.8723 6.93711 8
      vertex 75.7778 5.3393 8
    endloop
  endfacet
  facet normal -0 0 1
    outer loop
      vertex 74.7639 6.85673 8
      vertex 75.7778 5.3393 8
      vertex 74.8723 6.93711 8
    endloop
  endfacet
  facet normal 0 0 1
    outer loop
      vertex 75.7778 5.3393 8
      vertex 74.7639 6.85673 8
      vertex 75.5085 5.17785 8
    endloop
  endfacet
  facet normal -0 0 1
    outer loop
      vertex 74.6482 6.78736 8
      vertex 75.5085 5.17785 8
      vertex 74.7639 6.85673 8
    endloop
  endfacet
  facet normal 0 0 1
    outer loop
      vertex 75.5085 5.17785 8
      vertex 74.6482 6.78736 8
      vertex 75.2246 5.04359 8
    endloop
  endfacet
  facet normal -0 0 1
    outer loop
      vertex 74.5262 6.72967 8
      vertex 75.2246 5.04359 8
      vertex 74.6482 6.78736 8
    endloop
  endfacet
  facet normal 0 0 1
    outer loop
      vertex 75.2246 5.04359 8
      vertex 74.5262 6.72967 8
      vertex 74.9289 4.93779 8
    endloop
  endfacet
  facet normal -0 0 1
    outer loop
      vertex 74.3991 6.68421 8
      vertex 74.9289 4.93779 8
      vertex 74.5262 6.72967 8
    endloop
  endfacet
  facet normal 0 0 1
    outer loop
      vertex 74.9289 4.93779 8
      vertex 74.3991 6.68421 8
      vertex 74.6243 4.86149 8
    endloop
  endfacet
  facet normal -0 0 1
    outer loop
      vertex 74.2682 6.65142 8
      vertex 74.6243 4.86149 8
      vertex 74.3991 6.68421 8
    endloop
  endfacet
  facet normal 0 0 1
    outer loop
      vertex 74.6243 4.86149 8
      vertex 74.2682 6.65142 8
      vertex 74.3137 4.81541 8
    endloop
  endfacet
  facet normal -0 0 1
    outer loop
      vertex 74.1348 6.63162 8
      vertex 74.3137 4.81541 8
      vertex 74.2682 6.65142 8
    endloop
  endfacet
  facet normal -0 0 1
    outer loop
      vertex 74 6.625 8
      vertex 74.3137 4.81541 8
      vertex 74.1348 6.63162 8
    endloop
  endfacet
  facet normal 0 0 1
    outer loop
      vertex 74 6.625 8
      vertex 74 4.8 8
      vertex 74.3137 4.81541 8
    endloop
  endfacet
  facet normal 0 0 1
    outer loop
      vertex 73.8652 6.63162 8
      vertex 74 4.8 8
      vertex 74 6.625 8
    endloop
  endfacet
  facet normal 0 0 1
    outer loop
      vertex 73.6863 4.81541 8
      vertex 73.8652 6.63162 8
      vertex 73.7318 6.65142 8
    endloop
  endfacet
  facet normal 0 0 1
    outer loop
      vertex 73.8652 6.63162 8
      vertex 73.6863 4.81541 8
      vertex 74 4.8 8
    endloop
  endfacet
  facet normal 0 0 1
    outer loop
      vertex 73.3757 4.86149 8
      vertex 73.7318 6.65142 8
      vertex 73.6009 6.68421 8
    endloop
  endfacet
  facet normal 0 0 1
    outer loop
      vertex 73.0711 4.93779 8
      vertex 73.6009 6.68421 8
      vertex 73.4738 6.72967 8
    endloop
  endfacet
  facet normal 0 0 1
    outer loop
      vertex 73.7318 6.65142 8
      vertex 73.3757 4.86149 8
      vertex 73.6863 4.81541 8
    endloop
  endfacet
  facet normal 0 0 1
    outer loop
      vertex 72.7754 5.04359 8
      vertex 73.4738 6.72967 8
      vertex 73.3518 6.78736 8
    endloop
  endfacet
  facet normal 0 0 1
    outer loop
      vertex 72.4915 5.17785 8
      vertex 73.3518 6.78736 8
      vertex 73.2361 6.85673 8
    endloop
  endfacet
  facet normal 0 0 1
    outer loop
      vertex 72.2222 5.3393 8
      vertex 73.2361 6.85673 8
      vertex 73.1277 6.93711 8
    endloop
  endfacet
  facet normal 0 0 1
    outer loop
      vertex 73.6009 6.68421 8
      vertex 73.0711 4.93779 8
      vertex 73.3757 4.86149 8
    endloop
  endfacet
  facet normal 0 0 1
    outer loop
      vertex 71.9699 5.52637 8
      vertex 73.1277 6.93711 8
      vertex 73.0277 7.02773 8
    endloop
  endfacet
  facet normal 0 0 1
    outer loop
      vertex 71.7373 5.73726 8
      vertex 73.0277 7.02773 8
      vertex 72.9371 7.12771 8
    endloop
  endfacet
  facet normal 0 0 1
    outer loop
      vertex 71.5264 5.96994 8
      vertex 72.9371 7.12771 8
      vertex 72.8567 7.23609 8
    endloop
  endfacet
  facet normal 0 0 1
    outer loop
      vertex 71.3393 6.22218 8
      vertex 72.8567 7.23609 8
      vertex 72.7874 7.35183 8
    endloop
  endfacet
  facet normal 0 0 1
    outer loop
      vertex 73.4738 6.72967 8
      vertex 72.7754 5.04359 8
      vertex 73.0711 4.93779 8
    endloop
  endfacet
  facet normal 0 0 1
    outer loop
      vertex 71.1779 6.49153 8
      vertex 72.7874 7.35183 8
      vertex 72.7297 7.47381 8
    endloop
  endfacet
  facet normal 0 0 1
    outer loop
      vertex 71.0436 6.77541 8
      vertex 72.7297 7.47381 8
      vertex 72.6842 7.60086 8
    endloop
  endfacet
  facet normal 0 0 1
    outer loop
      vertex 70.9378 7.07109 8
      vertex 72.6842 7.60086 8
      vertex 72.6514 7.73175 8
    endloop
  endfacet
  facet normal 0 0 1
    outer loop
      vertex 70.8615 7.37571 8
      vertex 72.6514 7.73175 8
      vertex 72.6316 7.86523 8
    endloop
  endfacet
  facet normal 0 0 1
    outer loop
      vertex 73.3518 6.78736 8
      vertex 72.4915 5.17785 8
      vertex 72.7754 5.04359 8
    endloop
  endfacet
  facet normal 0 0 1
    outer loop
      vertex 70.8154 7.68635 8
      vertex 72.6316 7.86523 8
      vertex 72.625 8 8
    endloop
  endfacet
  facet normal -0 0 1
    outer loop
      vertex 71.1779 9.50847 8
      vertex 72.7874 8.64817 8
      vertex 71.3393 9.77782 8
    endloop
  endfacet
  facet normal 0 0 1
    outer loop
      vertex 72.7874 8.64817 8
      vertex 71.1779 9.50847 8
      vertex 72.7297 8.52619 8
    endloop
  endfacet
  facet normal 0 0 1
    outer loop
      vertex 73.2361 6.85673 8
      vertex 72.2222 5.3393 8
      vertex 72.4915 5.17785 8
    endloop
  endfacet
  facet normal -0 0 1
    outer loop
      vertex 71.0436 9.22459 8
      vertex 72.7297 8.52619 8
      vertex 71.1779 9.50847 8
    endloop
  endfacet
  facet normal 0 0 1
    outer loop
      vertex 73.1277 6.93711 8
      vertex 71.9699 5.52637 8
      vertex 72.2222 5.3393 8
    endloop
  endfacet
  facet normal 0 0 1
    outer loop
      vertex 72.7297 8.52619 8
      vertex 71.0436 9.22459 8
      vertex 72.6842 8.39914 8
    endloop
  endfacet
  facet normal 0 0 1
    outer loop
      vertex 73.0277 7.02773 8
      vertex 71.7373 5.73726 8
      vertex 71.9699 5.52637 8
    endloop
  endfacet
  facet normal -0 0 1
    outer loop
      vertex 70.9378 8.92891 8
      vertex 72.6842 8.39914 8
      vertex 71.0436 9.22459 8
    endloop
  endfacet
  facet normal 0 0 1
    outer loop
      vertex 72.9371 7.12771 8
      vertex 71.5264 5.96994 8
      vertex 71.7373 5.73726 8
    endloop
  endfacet
  facet normal 0 0 1
    outer loop
      vertex 72.6842 8.39914 8
      vertex 70.9378 8.92891 8
      vertex 72.6514 8.26825 8
    endloop
  endfacet
  facet normal 0 0 1
    outer loop
      vertex 72.8567 7.23609 8
      vertex 71.3393 6.22218 8
      vertex 71.5264 5.96994 8
    endloop
  endfacet
  facet normal -0 0 1
    outer loop
      vertex 70.8615 8.62429 8
      vertex 72.6514 8.26825 8
      vertex 70.9378 8.92891 8
    endloop
  endfacet
  facet normal 0 0 1
    outer loop
      vertex 72.7874 7.35183 8
      vertex 71.1779 6.49153 8
      vertex 71.3393 6.22218 8
    endloop
  endfacet
  facet normal 0 0 1
    outer loop
      vertex 72.6514 8.26825 8
      vertex 70.8615 8.62429 8
      vertex 72.6316 8.13477 8
    endloop
  endfacet
  facet normal 0 0 1
    outer loop
      vertex 72.7297 7.47381 8
      vertex 71.0436 6.77541 8
      vertex 71.1779 6.49153 8
    endloop
  endfacet
  facet normal -0 0 1
    outer loop
      vertex 70.8154 8.31365 8
      vertex 72.6316 8.13477 8
      vertex 70.8615 8.62429 8
    endloop
  endfacet
  facet normal 0 0 1
    outer loop
      vertex 72.6842 7.60086 8
      vertex 70.9378 7.07109 8
      vertex 71.0436 6.77541 8
    endloop
  endfacet
  facet normal 0 0 1
    outer loop
      vertex 72.6316 8.13477 8
      vertex 70.8154 8.31365 8
      vertex 72.625 8 8
    endloop
  endfacet
  facet normal 0 0 1
    outer loop
      vertex 72.6514 7.73175 8
      vertex 70.8615 7.37571 8
      vertex 70.9378 7.07109 8
    endloop
  endfacet
  facet normal 0 0 1
    outer loop
      vertex 70.8 8 8
      vertex 72.625 8 8
      vertex 70.8154 8.31365 8
    endloop
  endfacet
  facet normal 0 0 1
    outer loop
      vertex 72.6316 7.86523 8
      vertex 70.8154 7.68635 8
      vertex 70.8615 7.37571 8
    endloop
  endfacet
  facet normal 0 0 1
    outer loop
      vertex 72.625 8 8
      vertex 70.8 8 8
      vertex 70.8154 7.68635 8
    endloop
  endfacet
  facet normal 0.998797 -0.0490402 0
    outer loop
      vertex 77.1846 7.68635 8
      vertex 77.2 8 2
      vertex 77.2 8 8
    endloop
  endfacet
  facet normal 0.998797 -0.0490402 0
    outer loop
      vertex 77.2 8 2
      vertex 77.1846 7.68635 8
      vertex 77.1846 7.68635 2
    endloop
  endfacet
  facet normal 0.970034 -0.24297 0
    outer loop
      vertex 77.0622 7.07109 8
      vertex 77.1385 7.37571 2
      vertex 77.1385 7.37571 8
    endloop
  endfacet
  facet normal 0.970034 -0.24297 0
    outer loop
      vertex 77.1385 7.37571 2
      vertex 77.0622 7.07109 8
      vertex 77.0622 7.07109 2
    endloop
  endfacet
  facet normal 0.336881 -0.941547 0
    outer loop
      vertex 74.9289 4.93779 2
      vertex 75.2246 5.04359 8
      vertex 74.9289 4.93779 8
    endloop
  endfacet
  facet normal 0.336881 -0.941547 0
    outer loop
      vertex 75.2246 5.04359 8
      vertex 74.9289 4.93779 2
      vertex 75.2246 5.04359 2
    endloop
  endfacet
  facet normal 0.671688 -0.740834 0
    outer loop
      vertex 76.0301 5.52637 2
      vertex 76.2627 5.73726 8
      vertex 76.0301 5.52637 8
    endloop
  endfacet
  facet normal 0.671688 -0.740834 0
    outer loop
      vertex 76.2627 5.73726 8
      vertex 76.0301 5.52637 2
      vertex 76.2627 5.73726 2
    endloop
  endfacet
  facet normal 0.514191 -0.857676 0
    outer loop
      vertex 75.5085 5.17785 2
      vertex 75.7778 5.3393 8
      vertex 75.5085 5.17785 8
    endloop
  endfacet
  facet normal 0.514191 -0.857676 0
    outer loop
      vertex 75.7778 5.3393 8
      vertex 75.5085 5.17785 2
      vertex 75.7778 5.3393 2
    endloop
  endfacet
  facet normal 0.803168 -0.595753 0
    outer loop
      vertex 76.4736 5.96994 8
      vertex 76.6607 6.22218 2
      vertex 76.6607 6.22218 8
    endloop
  endfacet
  facet normal 0.803168 -0.595753 0
    outer loop
      vertex 76.6607 6.22218 2
      vertex 76.4736 5.96994 8
      vertex 76.4736 5.96994 2
    endloop
  endfacet
  facet normal -0.242985 -0.97003 0
    outer loop
      vertex 73.0711 4.93779 2
      vertex 73.3757 4.86149 8
      vertex 73.0711 4.93779 8
    endloop
  endfacet
  facet normal -0.242985 -0.97003 -0
    outer loop
      vertex 73.3757 4.86149 8
      vertex 73.0711 4.93779 2
      vertex 73.3757 4.86149 2
    endloop
  endfacet
  facet normal -0.5956 -0.803281 0
    outer loop
      vertex 71.9699 5.52637 2
      vertex 72.2222 5.3393 8
      vertex 71.9699 5.52637 8
    endloop
  endfacet
  facet normal -0.5956 -0.803281 -0
    outer loop
      vertex 72.2222 5.3393 8
      vertex 71.9699 5.52637 2
      vertex 72.2222 5.3393 2
    endloop
  endfacet
  facet normal -0.94154 -0.336901 0
    outer loop
      vertex 71.0436 6.77541 2
      vertex 70.9378 7.07109 8
      vertex 70.9378 7.07109 2
    endloop
  endfacet
  facet normal -0.94154 -0.336901 0
    outer loop
      vertex 70.9378 7.07109 8
      vertex 71.0436 6.77541 2
      vertex 71.0436 6.77541 8
    endloop
  endfacet
  facet normal -0.857788 -0.514004 0
    outer loop
      vertex 71.3393 6.22218 2
      vertex 71.1779 6.49153 8
      vertex 71.1779 6.49153 2
    endloop
  endfacet
  facet normal -0.857788 -0.514004 0
    outer loop
      vertex 71.1779 6.49153 8
      vertex 71.3393 6.22218 2
      vertex 71.3393 6.22218 8
    endloop
  endfacet
  facet normal -0.970007 -0.243076 0
    outer loop
      vertex 75.3486 8.26825 2
      vertex 75.3158 8.39914 8
      vertex 75.3158 8.39914 2
    endloop
  endfacet
  facet normal -0.970007 -0.243076 0
    outer loop
      vertex 75.3158 8.39914 8
      vertex 75.3486 8.26825 2
      vertex 75.3486 8.26825 8
    endloop
  endfacet
  facet normal -0.998803 -0.0489137 0
    outer loop
      vertex 75.375 8 2
      vertex 75.3684 8.13477 8
      vertex 75.3684 8.13477 2
    endloop
  endfacet
  facet normal -0.998803 -0.0489137 0
    outer loop
      vertex 75.3684 8.13477 8
      vertex 75.375 8 2
      vertex 75.375 8 8
    endloop
  endfacet
  facet normal 0.998803 -0.0489137 0
    outer loop
      vertex 72.625 8 8
      vertex 72.6316 8.13477 2
      vertex 72.6316 8.13477 8
    endloop
  endfacet
  facet normal 0.998803 -0.0489137 0
    outer loop
      vertex 72.6316 8.13477 2
      vertex 72.625 8 8
      vertex 72.625 8 2
    endloop
  endfacet
  facet normal -0.0490507 -0.998796 0
    outer loop
      vertex 74 9.375 2
      vertex 74.1348 9.36838 8
      vertex 74 9.375 8
    endloop
  endfacet
  facet normal -0.0490507 -0.998796 -0
    outer loop
      vertex 74.1348 9.36838 8
      vertex 74 9.375 2
      vertex 74.1348 9.36838 2
    endloop
  endfacet
  facet normal -0.671499 -0.741005 0
    outer loop
      vertex 74.8723 9.06289 2
      vertex 74.9723 8.97227 8
      vertex 74.8723 9.06289 8
    endloop
  endfacet
  facet normal -0.671499 -0.741005 -0
    outer loop
      vertex 74.9723 8.97227 8
      vertex 74.8723 9.06289 2
      vertex 74.9723 8.97227 2
    endloop
  endfacet
  facet normal 0.671499 -0.741005 0
    outer loop
      vertex 73.0277 8.97227 2
      vertex 73.1277 9.06289 8
      vertex 73.0277 8.97227 8
    endloop
  endfacet
  facet normal 0.671499 -0.741005 0
    outer loop
      vertex 73.1277 9.06289 8
      vertex 73.0277 8.97227 2
      vertex 73.1277 9.06289 2
    endloop
  endfacet
  facet normal 0.336778 -0.941584 0
    outer loop
      vertex 73.4738 9.27033 2
      vertex 73.6009 9.31579 8
      vertex 73.4738 9.27033 8
    endloop
  endfacet
  facet normal 0.336778 -0.941584 0
    outer loop
      vertex 73.6009 9.31579 8
      vertex 73.4738 9.27033 2
      vertex 73.6009 9.31579 2
    endloop
  endfacet
  facet normal 0.803137 0.595795 0
    outer loop
      vertex 72.9371 7.12771 8
      vertex 72.8567 7.23609 2
      vertex 72.8567 7.23609 8
    endloop
  endfacet
  facet normal 0.803137 0.595795 0
    outer loop
      vertex 72.8567 7.23609 2
      vertex 72.9371 7.12771 8
      vertex 72.9371 7.12771 2
    endloop
  endfacet
  facet normal -0.941448 -0.337158 0
    outer loop
      vertex 75.3158 8.39914 2
      vertex 75.2703 8.52619 8
      vertex 75.2703 8.52619 2
    endloop
  endfacet
  facet normal -0.941448 -0.337158 0
    outer loop
      vertex 75.2703 8.52619 8
      vertex 75.3158 8.39914 2
      vertex 75.3158 8.39914 8
    endloop
  endfacet
  facet normal -0.427484 -0.904023 0
    outer loop
      vertex 74.5262 9.27033 2
      vertex 74.6482 9.21264 8
      vertex 74.5262 9.27033 8
    endloop
  endfacet
  facet normal -0.427484 -0.904023 -0
    outer loop
      vertex 74.6482 9.21264 8
      vertex 74.5262 9.27033 2
      vertex 74.6482 9.21264 2
    endloop
  endfacet
  facet normal -0.595628 -0.80326 0
    outer loop
      vertex 74.7639 9.14327 2
      vertex 74.8723 9.06289 8
      vertex 74.7639 9.14327 8
    endloop
  endfacet
  facet normal -0.595628 -0.80326 -0
    outer loop
      vertex 74.8723 9.06289 8
      vertex 74.7639 9.14327 2
      vertex 74.8723 9.06289 2
    endloop
  endfacet
  facet normal 0.857964 -0.513711 0
    outer loop
      vertex 72.7874 8.64817 8
      vertex 72.8567 8.76391 2
      vertex 72.8567 8.76391 8
    endloop
  endfacet
  facet normal 0.857964 -0.513711 0
    outer loop
      vertex 72.8567 8.76391 2
      vertex 72.7874 8.64817 8
      vertex 72.7874 8.64817 2
    endloop
  endfacet
  facet normal 0.803137 -0.595795 0
    outer loop
      vertex 72.8567 8.76391 8
      vertex 72.9371 8.87229 2
      vertex 72.9371 8.87229 8
    endloop
  endfacet
  facet normal 0.803137 -0.595795 0
    outer loop
      vertex 72.9371 8.87229 2
      vertex 72.8567 8.76391 8
      vertex 72.8567 8.76391 2
    endloop
  endfacet
  facet normal -0.903967 0.427602 0
    outer loop
      vertex 75.2126 7.35183 2
      vertex 75.2703 7.47381 8
      vertex 75.2703 7.47381 2
    endloop
  endfacet
  facet normal -0.903967 0.427602 0
    outer loop
      vertex 75.2703 7.47381 8
      vertex 75.2126 7.35183 2
      vertex 75.2126 7.35183 8
    endloop
  endfacet
  facet normal -0.242989 0.970029 0
    outer loop
      vertex 74.3991 6.68421 2
      vertex 74.2682 6.65142 8
      vertex 74.3991 6.68421 8
    endloop
  endfacet
  facet normal -0.242989 0.970029 0
    outer loop
      vertex 74.2682 6.65142 8
      vertex 74.3991 6.68421 2
      vertex 74.2682 6.65142 2
    endloop
  endfacet
  facet normal -0.741012 0.671491 0
    outer loop
      vertex 74.9723 7.02773 2
      vertex 75.0629 7.12771 8
      vertex 75.0629 7.12771 2
    endloop
  endfacet
  facet normal -0.741012 0.671491 0
    outer loop
      vertex 75.0629 7.12771 8
      vertex 74.9723 7.02773 2
      vertex 74.9723 7.02773 8
    endloop
  endfacet
  facet normal -0.970007 0.243076 0
    outer loop
      vertex 75.3158 7.60086 2
      vertex 75.3486 7.73175 8
      vertex 75.3486 7.73175 2
    endloop
  endfacet
  facet normal -0.970007 0.243076 0
    outer loop
      vertex 75.3486 7.73175 8
      vertex 75.3158 7.60086 2
      vertex 75.3158 7.60086 8
    endloop
  endfacet
  facet normal 0.336778 0.941584 -0
    outer loop
      vertex 73.6009 6.68421 2
      vertex 73.4738 6.72967 8
      vertex 73.6009 6.68421 8
    endloop
  endfacet
  facet normal 0.336778 0.941584 0
    outer loop
      vertex 73.4738 6.72967 8
      vertex 73.6009 6.68421 2
      vertex 73.4738 6.72967 2
    endloop
  endfacet
  facet normal 0.514223 0.857656 -0
    outer loop
      vertex 73.3518 6.78736 2
      vertex 73.2361 6.85673 8
      vertex 73.3518 6.78736 8
    endloop
  endfacet
  facet normal 0.514223 0.857656 0
    outer loop
      vertex 73.2361 6.85673 8
      vertex 73.3518 6.78736 2
      vertex 73.2361 6.85673 2
    endloop
  endfacet
  facet normal 0.970007 0.243076 0
    outer loop
      vertex 72.6842 7.60086 8
      vertex 72.6514 7.73175 2
      vertex 72.6514 7.73175 8
    endloop
  endfacet
  facet normal 0.970007 0.243076 0
    outer loop
      vertex 72.6514 7.73175 2
      vertex 72.6842 7.60086 8
      vertex 72.6842 7.60086 2
    endloop
  endfacet
  facet normal -0.989176 -0.146731 0
    outer loop
      vertex 75.3684 8.13477 2
      vertex 75.3486 8.26825 8
      vertex 75.3486 8.26825 2
    endloop
  endfacet
  facet normal -0.989176 -0.146731 0
    outer loop
      vertex 75.3486 8.26825 8
      vertex 75.3684 8.13477 2
      vertex 75.3684 8.13477 8
    endloop
  endfacet
  facet normal -0.903967 -0.427602 0
    outer loop
      vertex 75.2703 8.52619 2
      vertex 75.2126 8.64817 8
      vertex 75.2126 8.64817 2
    endloop
  endfacet
  facet normal -0.903967 -0.427602 0
    outer loop
      vertex 75.2126 8.64817 8
      vertex 75.2703 8.52619 2
      vertex 75.2703 8.52619 8
    endloop
  endfacet
  facet normal -0.857964 -0.513711 0
    outer loop
      vertex 75.2126 8.64817 2
      vertex 75.1433 8.76391 8
      vertex 75.1433 8.76391 2
    endloop
  endfacet
  facet normal -0.857964 -0.513711 0
    outer loop
      vertex 75.1433 8.76391 8
      vertex 75.2126 8.64817 2
      vertex 75.2126 8.64817 8
    endloop
  endfacet
  facet normal -0.741012 -0.671491 0
    outer loop
      vertex 75.0629 8.87229 2
      vertex 74.9723 8.97227 8
      vertex 74.9723 8.97227 2
    endloop
  endfacet
  facet normal -0.741012 -0.671491 0
    outer loop
      vertex 74.9723 8.97227 8
      vertex 75.0629 8.87229 2
      vertex 75.0629 8.87229 8
    endloop
  endfacet
  facet normal -0.803137 -0.595795 0
    outer loop
      vertex 75.1433 8.76391 2
      vertex 75.0629 8.87229 8
      vertex 75.0629 8.87229 2
    endloop
  endfacet
  facet normal -0.803137 -0.595795 0
    outer loop
      vertex 75.0629 8.87229 8
      vertex 75.1433 8.76391 2
      vertex 75.1433 8.76391 8
    endloop
  endfacet
  facet normal -0.242989 -0.970029 0
    outer loop
      vertex 74.2682 9.34858 2
      vertex 74.3991 9.31579 8
      vertex 74.2682 9.34858 8
    endloop
  endfacet
  facet normal -0.242989 -0.970029 -0
    outer loop
      vertex 74.3991 9.31579 8
      vertex 74.2682 9.34858 2
      vertex 74.3991 9.31579 2
    endloop
  endfacet
  facet normal -0.146817 -0.989164 0
    outer loop
      vertex 74.1348 9.36838 2
      vertex 74.2682 9.34858 8
      vertex 74.1348 9.36838 8
    endloop
  endfacet
  facet normal -0.146817 -0.989164 -0
    outer loop
      vertex 74.2682 9.34858 8
      vertex 74.1348 9.36838 2
      vertex 74.2682 9.34858 2
    endloop
  endfacet
  facet normal -0.514223 -0.857656 0
    outer loop
      vertex 74.6482 9.21264 2
      vertex 74.7639 9.14327 8
      vertex 74.6482 9.21264 8
    endloop
  endfacet
  facet normal -0.514223 -0.857656 -0
    outer loop
      vertex 74.7639 9.14327 8
      vertex 74.6482 9.21264 2
      vertex 74.7639 9.14327 2
    endloop
  endfacet
  facet normal 0.903967 -0.427602 0
    outer loop
      vertex 72.7297 8.52619 8
      vertex 72.7874 8.64817 2
      vertex 72.7874 8.64817 8
    endloop
  endfacet
  facet normal 0.903967 -0.427602 0
    outer loop
      vertex 72.7874 8.64817 2
      vertex 72.7297 8.52619 8
      vertex 72.7297 8.52619 2
    endloop
  endfacet
  facet normal 0.970007 -0.243076 0
    outer loop
      vertex 72.6514 8.26825 8
      vertex 72.6842 8.39914 2
      vertex 72.6842 8.39914 8
    endloop
  endfacet
  facet normal 0.970007 -0.243076 0
    outer loop
      vertex 72.6842 8.39914 2
      vertex 72.6514 8.26825 8
      vertex 72.6514 8.26825 2
    endloop
  endfacet
  facet normal 0.989176 -0.146731 0
    outer loop
      vertex 72.6316 8.13477 8
      vertex 72.6514 8.26825 2
      vertex 72.6514 8.26825 8
    endloop
  endfacet
  facet normal 0.989176 -0.146731 0
    outer loop
      vertex 72.6514 8.26825 2
      vertex 72.6316 8.13477 8
      vertex 72.6316 8.13477 2
    endloop
  endfacet
  facet normal 0.514223 -0.857656 0
    outer loop
      vertex 73.2361 9.14327 2
      vertex 73.3518 9.21264 8
      vertex 73.2361 9.14327 8
    endloop
  endfacet
  facet normal 0.514223 -0.857656 0
    outer loop
      vertex 73.3518 9.21264 8
      vertex 73.2361 9.14327 2
      vertex 73.3518 9.21264 2
    endloop
  endfacet
  facet normal 0.595628 -0.80326 0
    outer loop
      vertex 73.1277 9.06289 2
      vertex 73.2361 9.14327 8
      vertex 73.1277 9.06289 8
    endloop
  endfacet
  facet normal 0.595628 -0.80326 0
    outer loop
      vertex 73.2361 9.14327 8
      vertex 73.1277 9.06289 2
      vertex 73.2361 9.14327 2
    endloop
  endfacet
  facet normal 0.0490507 -0.998796 0
    outer loop
      vertex 73.8652 9.36838 2
      vertex 74 9.375 8
      vertex 73.8652 9.36838 8
    endloop
  endfacet
  facet normal 0.0490507 -0.998796 0
    outer loop
      vertex 74 9.375 8
      vertex 73.8652 9.36838 2
      vertex 74 9.375 2
    endloop
  endfacet
  facet normal 0.242989 -0.970029 0
    outer loop
      vertex 73.6009 9.31579 2
      vertex 73.7318 9.34858 8
      vertex 73.6009 9.31579 8
    endloop
  endfacet
  facet normal 0.242989 -0.970029 0
    outer loop
      vertex 73.7318 9.34858 8
      vertex 73.6009 9.31579 2
      vertex 73.7318 9.34858 2
    endloop
  endfacet
  facet normal 0.146817 -0.989164 0
    outer loop
      vertex 73.7318 9.34858 2
      vertex 73.8652 9.36838 8
      vertex 73.7318 9.34858 8
    endloop
  endfacet
  facet normal 0.146817 -0.989164 0
    outer loop
      vertex 73.8652 9.36838 8
      vertex 73.7318 9.34858 2
      vertex 73.8652 9.36838 2
    endloop
  endfacet
  facet normal -0.0490507 0.998796 0
    outer loop
      vertex 74.1348 6.63162 2
      vertex 74 6.625 8
      vertex 74.1348 6.63162 8
    endloop
  endfacet
  facet normal -0.0490507 0.998796 0
    outer loop
      vertex 74 6.625 8
      vertex 74.1348 6.63162 2
      vertex 74 6.625 2
    endloop
  endfacet
  facet normal -0.146817 0.989164 0
    outer loop
      vertex 74.2682 6.65142 2
      vertex 74.1348 6.63162 8
      vertex 74.2682 6.65142 8
    endloop
  endfacet
  facet normal -0.146817 0.989164 0
    outer loop
      vertex 74.1348 6.63162 8
      vertex 74.2682 6.65142 2
      vertex 74.1348 6.63162 2
    endloop
  endfacet
  facet normal -0.514223 0.857656 0
    outer loop
      vertex 74.7639 6.85673 2
      vertex 74.6482 6.78736 8
      vertex 74.7639 6.85673 8
    endloop
  endfacet
  facet normal -0.514223 0.857656 0
    outer loop
      vertex 74.6482 6.78736 8
      vertex 74.7639 6.85673 2
      vertex 74.6482 6.78736 2
    endloop
  endfacet
  facet normal -0.671499 0.741005 0
    outer loop
      vertex 74.9723 7.02773 2
      vertex 74.8723 6.93711 8
      vertex 74.9723 7.02773 8
    endloop
  endfacet
  facet normal -0.671499 0.741005 0
    outer loop
      vertex 74.8723 6.93711 8
      vertex 74.9723 7.02773 2
      vertex 74.8723 6.93711 2
    endloop
  endfacet
  facet normal -0.595628 0.80326 0
    outer loop
      vertex 74.8723 6.93711 2
      vertex 74.7639 6.85673 8
      vertex 74.8723 6.93711 8
    endloop
  endfacet
  facet normal -0.595628 0.80326 0
    outer loop
      vertex 74.7639 6.85673 8
      vertex 74.8723 6.93711 2
      vertex 74.7639 6.85673 2
    endloop
  endfacet
  facet normal -0.803137 0.595795 0
    outer loop
      vertex 75.0629 7.12771 2
      vertex 75.1433 7.23609 8
      vertex 75.1433 7.23609 2
    endloop
  endfacet
  facet normal -0.803137 0.595795 0
    outer loop
      vertex 75.1433 7.23609 8
      vertex 75.0629 7.12771 2
      vertex 75.0629 7.12771 8
    endloop
  endfacet
  facet normal -0.857964 0.513711 0
    outer loop
      vertex 75.1433 7.23609 2
      vertex 75.2126 7.35183 8
      vertex 75.2126 7.35183 2
    endloop
  endfacet
  facet normal -0.857964 0.513711 0
    outer loop
      vertex 75.2126 7.35183 8
      vertex 75.1433 7.23609 2
      vertex 75.1433 7.23609 8
    endloop
  endfacet
  facet normal 0.146817 0.989164 -0
    outer loop
      vertex 73.8652 6.63162 2
      vertex 73.7318 6.65142 8
      vertex 73.8652 6.63162 8
    endloop
  endfacet
  facet normal 0.146817 0.989164 0
    outer loop
      vertex 73.7318 6.65142 8
      vertex 73.8652 6.63162 2
      vertex 73.7318 6.65142 2
    endloop
  endfacet
  facet normal 0.671499 0.741005 -0
    outer loop
      vertex 73.1277 6.93711 2
      vertex 73.0277 7.02773 8
      vertex 73.1277 6.93711 8
    endloop
  endfacet
  facet normal 0.671499 0.741005 0
    outer loop
      vertex 73.0277 7.02773 8
      vertex 73.1277 6.93711 2
      vertex 73.0277 7.02773 2
    endloop
  endfacet
  facet normal 0.427484 0.904023 -0
    outer loop
      vertex 73.4738 6.72967 2
      vertex 73.3518 6.78736 8
      vertex 73.4738 6.72967 8
    endloop
  endfacet
  facet normal 0.427484 0.904023 0
    outer loop
      vertex 73.3518 6.78736 8
      vertex 73.4738 6.72967 2
      vertex 73.3518 6.78736 2
    endloop
  endfacet
  facet normal 0.0490507 0.998796 -0
    outer loop
      vertex 74 6.625 2
      vertex 73.8652 6.63162 8
      vertex 74 6.625 8
    endloop
  endfacet
  facet normal 0.0490507 0.998796 0
    outer loop
      vertex 73.8652 6.63162 8
      vertex 74 6.625 2
      vertex 73.8652 6.63162 2
    endloop
  endfacet
  facet normal 0.595628 0.80326 -0
    outer loop
      vertex 73.2361 6.85673 2
      vertex 73.1277 6.93711 8
      vertex 73.2361 6.85673 8
    endloop
  endfacet
  facet normal 0.595628 0.80326 0
    outer loop
      vertex 73.1277 6.93711 8
      vertex 73.2361 6.85673 2
      vertex 73.1277 6.93711 2
    endloop
  endfacet
  facet normal 0.903967 0.427602 0
    outer loop
      vertex 72.7874 7.35183 8
      vertex 72.7297 7.47381 2
      vertex 72.7297 7.47381 8
    endloop
  endfacet
  facet normal 0.903967 0.427602 0
    outer loop
      vertex 72.7297 7.47381 2
      vertex 72.7874 7.35183 8
      vertex 72.7874 7.35183 2
    endloop
  endfacet
  facet normal 0.857964 0.513711 0
    outer loop
      vertex 72.8567 7.23609 8
      vertex 72.7874 7.35183 2
      vertex 72.7874 7.35183 8
    endloop
  endfacet
  facet normal 0.857964 0.513711 0
    outer loop
      vertex 72.7874 7.35183 2
      vertex 72.8567 7.23609 8
      vertex 72.8567 7.23609 2
    endloop
  endfacet
  facet normal 0.998803 0.0489137 0
    outer loop
      vertex 72.6316 7.86523 8
      vertex 72.625 8 2
      vertex 72.625 8 8
    endloop
  endfacet
  facet normal 0.998803 0.0489137 0
    outer loop
      vertex 72.625 8 2
      vertex 72.6316 7.86523 8
      vertex 72.6316 7.86523 2
    endloop
  endfacet
  facet normal -0.336778 -0.941584 0
    outer loop
      vertex 74.3991 9.31579 2
      vertex 74.5262 9.27033 8
      vertex 74.3991 9.31579 8
    endloop
  endfacet
  facet normal -0.336778 -0.941584 -0
    outer loop
      vertex 74.5262 9.27033 8
      vertex 74.3991 9.31579 2
      vertex 74.5262 9.27033 2
    endloop
  endfacet
  facet normal 0.741012 -0.671491 0
    outer loop
      vertex 72.9371 8.87229 8
      vertex 73.0277 8.97227 2
      vertex 73.0277 8.97227 8
    endloop
  endfacet
  facet normal 0.741012 -0.671491 0
    outer loop
      vertex 73.0277 8.97227 2
      vertex 72.9371 8.87229 8
      vertex 72.9371 8.87229 2
    endloop
  endfacet
  facet normal 0.941448 -0.337158 0
    outer loop
      vertex 72.6842 8.39914 8
      vertex 72.7297 8.52619 2
      vertex 72.7297 8.52619 8
    endloop
  endfacet
  facet normal 0.941448 -0.337158 0
    outer loop
      vertex 72.7297 8.52619 2
      vertex 72.6842 8.39914 8
      vertex 72.6842 8.39914 2
    endloop
  endfacet
  facet normal 0.427484 -0.904023 0
    outer loop
      vertex 73.3518 9.21264 2
      vertex 73.4738 9.27033 8
      vertex 73.3518 9.21264 8
    endloop
  endfacet
  facet normal 0.427484 -0.904023 0
    outer loop
      vertex 73.4738 9.27033 8
      vertex 73.3518 9.21264 2
      vertex 73.4738 9.27033 2
    endloop
  endfacet
  facet normal -0.427484 0.904023 0
    outer loop
      vertex 74.6482 6.78736 2
      vertex 74.5262 6.72967 8
      vertex 74.6482 6.78736 8
    endloop
  endfacet
  facet normal -0.427484 0.904023 0
    outer loop
      vertex 74.5262 6.72967 8
      vertex 74.6482 6.78736 2
      vertex 74.5262 6.72967 2
    endloop
  endfacet
  facet normal -0.336778 0.941584 0
    outer loop
      vertex 74.5262 6.72967 2
      vertex 74.3991 6.68421 8
      vertex 74.5262 6.72967 8
    endloop
  endfacet
  facet normal -0.336778 0.941584 0
    outer loop
      vertex 74.3991 6.68421 8
      vertex 74.5262 6.72967 2
      vertex 74.3991 6.68421 2
    endloop
  endfacet
  facet normal -0.941448 0.337158 0
    outer loop
      vertex 75.2703 7.47381 2
      vertex 75.3158 7.60086 8
      vertex 75.3158 7.60086 2
    endloop
  endfacet
  facet normal -0.941448 0.337158 0
    outer loop
      vertex 75.3158 7.60086 8
      vertex 75.2703 7.47381 2
      vertex 75.2703 7.47381 8
    endloop
  endfacet
  facet normal -0.989176 0.146731 0
    outer loop
      vertex 75.3486 7.73175 2
      vertex 75.3684 7.86523 8
      vertex 75.3684 7.86523 2
    endloop
  endfacet
  facet normal -0.989176 0.146731 0
    outer loop
      vertex 75.3684 7.86523 8
      vertex 75.3486 7.73175 2
      vertex 75.3486 7.73175 8
    endloop
  endfacet
  facet normal -0.998803 0.0489137 0
    outer loop
      vertex 75.3684 7.86523 2
      vertex 75.375 8 8
      vertex 75.375 8 2
    endloop
  endfacet
  facet normal -0.998803 0.0489137 0
    outer loop
      vertex 75.375 8 8
      vertex 75.3684 7.86523 2
      vertex 75.3684 7.86523 8
    endloop
  endfacet
  facet normal 0.242989 0.970029 -0
    outer loop
      vertex 73.7318 6.65142 2
      vertex 73.6009 6.68421 8
      vertex 73.7318 6.65142 8
    endloop
  endfacet
  facet normal 0.242989 0.970029 0
    outer loop
      vertex 73.6009 6.68421 8
      vertex 73.7318 6.65142 2
      vertex 73.6009 6.68421 2
    endloop
  endfacet
  facet normal 0.741012 0.671491 0
    outer loop
      vertex 73.0277 7.02773 8
      vertex 72.9371 7.12771 2
      vertex 72.9371 7.12771 8
    endloop
  endfacet
  facet normal 0.741012 0.671491 0
    outer loop
      vertex 72.9371 7.12771 2
      vertex 73.0277 7.02773 8
      vertex 73.0277 7.02773 2
    endloop
  endfacet
  facet normal 0.989176 0.146731 0
    outer loop
      vertex 72.6514 7.73175 8
      vertex 72.6316 7.86523 2
      vertex 72.6316 7.86523 8
    endloop
  endfacet
  facet normal 0.989176 0.146731 0
    outer loop
      vertex 72.6316 7.86523 2
      vertex 72.6514 7.73175 8
      vertex 72.6514 7.73175 2
    endloop
  endfacet
  facet normal 0.941448 0.337158 0
    outer loop
      vertex 72.7297 7.47381 8
      vertex 72.6842 7.60086 2
      vertex 72.6842 7.60086 8
    endloop
  endfacet
  facet normal 0.941448 0.337158 0
    outer loop
      vertex 72.6842 7.60086 2
      vertex 72.7297 7.47381 8
      vertex 72.7297 7.47381 2
    endloop
  endfacet
  facet normal 0.671705 0.740819 -0
    outer loop
      vertex 76.2627 59.2627 2
      vertex 76.0301 59.4736 8
      vertex 76.2627 59.2627 8
    endloop
  endfacet
  facet normal 0.671705 0.740819 0
    outer loop
      vertex 76.0301 59.4736 8
      vertex 76.2627 59.2627 2
      vertex 76.0301 59.4736 2
    endloop
  endfacet
  facet normal -0.336881 0.941547 0
    outer loop
      vertex 73.0711 60.0622 2
      vertex 72.7754 59.9564 8
      vertex 73.0711 60.0622 8
    endloop
  endfacet
  facet normal -0.336881 0.941547 0
    outer loop
      vertex 72.7754 59.9564 8
      vertex 73.0711 60.0622 2
      vertex 72.7754 59.9564 2
    endloop
  endfacet
  facet normal -0.903958 0.427621 0
    outer loop
      vertex 71.0436 58.2246 2
      vertex 71.1779 58.5085 8
      vertex 71.1779 58.5085 2
    endloop
  endfacet
  facet normal -0.903958 0.427621 0
    outer loop
      vertex 71.1779 58.5085 8
      vertex 71.0436 58.2246 2
      vertex 71.0436 58.2246 8
    endloop
  endfacet
  facet normal 0.903958 -0.427621 0
    outer loop
      vertex 76.8221 55.4915 8
      vertex 76.9564 55.7754 2
      vertex 76.9564 55.7754 8
    endloop
  endfacet
  facet normal 0.903958 -0.427621 0
    outer loop
      vertex 76.9564 55.7754 2
      vertex 76.8221 55.4915 8
      vertex 76.8221 55.4915 2
    endloop
  endfacet
  facet normal -0.427621 -0.903958 0
    outer loop
      vertex 72.4915 54.1779 2
      vertex 72.7754 54.0436 8
      vertex 72.4915 54.1779 8
    endloop
  endfacet
  facet normal -0.427621 -0.903958 -0
    outer loop
      vertex 72.7754 54.0436 8
      vertex 72.4915 54.1779 2
      vertex 72.7754 54.0436 2
    endloop
  endfacet
  facet normal 0.941547 0.336881 0
    outer loop
      vertex 77.0622 57.9289 8
      vertex 76.9564 58.2246 2
      vertex 76.9564 58.2246 8
    endloop
  endfacet
  facet normal 0.941547 0.336881 0
    outer loop
      vertex 76.9564 58.2246 2
      vertex 77.0622 57.9289 8
      vertex 77.0622 57.9289 2
    endloop
  endfacet
  facet normal 0.989164 0.146814 0
    outer loop
      vertex 77.1846 57.3137 8
      vertex 77.1385 57.6243 2
      vertex 77.1385 57.6243 8
    endloop
  endfacet
  facet normal 0.989164 0.146814 0
    outer loop
      vertex 77.1385 57.6243 2
      vertex 77.1846 57.3137 8
      vertex 77.1846 57.3137 2
    endloop
  endfacet
  facet normal 0.903958 0.427621 0
    outer loop
      vertex 76.9564 58.2246 8
      vertex 76.8221 58.5085 2
      vertex 76.8221 58.5085 8
    endloop
  endfacet
  facet normal 0.903958 0.427621 0
    outer loop
      vertex 76.8221 58.5085 2
      vertex 76.9564 58.2246 8
      vertex 76.9564 58.2246 2
    endloop
  endfacet
  facet normal 0.427621 0.903958 -0
    outer loop
      vertex 75.5085 59.8221 2
      vertex 75.2246 59.9564 8
      vertex 75.5085 59.8221 8
    endloop
  endfacet
  facet normal 0.427621 0.903958 0
    outer loop
      vertex 75.2246 59.9564 8
      vertex 75.5085 59.8221 2
      vertex 75.2246 59.9564 2
    endloop
  endfacet
  facet normal 0.146814 0.989164 -0
    outer loop
      vertex 74.6243 60.1385 2
      vertex 74.3137 60.1846 8
      vertex 74.6243 60.1385 8
    endloop
  endfacet
  facet normal 0.146814 0.989164 0
    outer loop
      vertex 74.3137 60.1846 8
      vertex 74.6243 60.1385 2
      vertex 74.3137 60.1846 2
    endloop
  endfacet
  facet normal -0.989164 0.146814 0
    outer loop
      vertex 70.8154 57.3137 2
      vertex 70.8615 57.6243 8
      vertex 70.8615 57.6243 2
    endloop
  endfacet
  facet normal -0.989164 0.146814 0
    outer loop
      vertex 70.8615 57.6243 8
      vertex 70.8154 57.3137 2
      vertex 70.8154 57.3137 8
    endloop
  endfacet
  facet normal -0.740819 0.671705 0
    outer loop
      vertex 71.5264 59.0301 2
      vertex 71.7373 59.2627 8
      vertex 71.7373 59.2627 2
    endloop
  endfacet
  facet normal -0.740819 0.671705 0
    outer loop
      vertex 71.7373 59.2627 8
      vertex 71.5264 59.0301 2
      vertex 71.5264 59.0301 8
    endloop
  endfacet
  facet normal -0.146814 0.989164 0
    outer loop
      vertex 73.6863 60.1846 2
      vertex 73.3757 60.1385 8
      vertex 73.6863 60.1846 8
    endloop
  endfacet
  facet normal -0.146814 0.989164 0
    outer loop
      vertex 73.3757 60.1385 8
      vertex 73.6863 60.1846 2
      vertex 73.3757 60.1385 2
    endloop
  endfacet
  facet normal 0.989164 -0.146814 0
    outer loop
      vertex 77.1385 56.3757 8
      vertex 77.1846 56.6863 2
      vertex 77.1846 56.6863 8
    endloop
  endfacet
  facet normal 0.989164 -0.146814 0
    outer loop
      vertex 77.1846 56.6863 2
      vertex 77.1385 56.3757 8
      vertex 77.1385 56.3757 2
    endloop
  endfacet
  facet normal 0.740819 -0.671705 0
    outer loop
      vertex 76.2627 54.7373 8
      vertex 76.4736 54.9699 2
      vertex 76.4736 54.9699 8
    endloop
  endfacet
  facet normal 0.740819 -0.671705 0
    outer loop
      vertex 76.4736 54.9699 2
      vertex 76.2627 54.7373 8
      vertex 76.2627 54.7373 2
    endloop
  endfacet
  facet normal -0.146814 -0.989164 0
    outer loop
      vertex 73.3757 53.8615 2
      vertex 73.6863 53.8154 8
      vertex 73.3757 53.8615 8
    endloop
  endfacet
  facet normal -0.146814 -0.989164 -0
    outer loop
      vertex 73.6863 53.8154 8
      vertex 73.3757 53.8615 2
      vertex 73.6863 53.8154 2
    endloop
  endfacet
  facet normal -0.671705 -0.740819 0
    outer loop
      vertex 71.7373 54.7373 2
      vertex 71.9699 54.5264 8
      vertex 71.7373 54.7373 8
    endloop
  endfacet
  facet normal -0.671705 -0.740819 -0
    outer loop
      vertex 71.9699 54.5264 8
      vertex 71.7373 54.7373 2
      vertex 71.9699 54.5264 2
    endloop
  endfacet
  facet normal 0.97003 0.242985 0
    outer loop
      vertex 77.1385 57.6243 8
      vertex 77.0622 57.9289 2
      vertex 77.0622 57.9289 8
    endloop
  endfacet
  facet normal 0.97003 0.242985 0
    outer loop
      vertex 77.0622 57.9289 2
      vertex 77.1385 57.6243 8
      vertex 77.1385 57.6243 2
    endloop
  endfacet
  facet normal 0.803236 0.595661 0
    outer loop
      vertex 76.6607 58.7778 8
      vertex 76.4736 59.0301 2
      vertex 76.4736 59.0301 8
    endloop
  endfacet
  facet normal 0.803236 0.595661 0
    outer loop
      vertex 76.4736 59.0301 2
      vertex 76.6607 58.7778 8
      vertex 76.6607 58.7778 2
    endloop
  endfacet
  facet normal 0.857746 0.514074 0
    outer loop
      vertex 76.8221 58.5085 8
      vertex 76.6607 58.7778 2
      vertex 76.6607 58.7778 8
    endloop
  endfacet
  facet normal 0.857746 0.514074 0
    outer loop
      vertex 76.6607 58.7778 2
      vertex 76.8221 58.5085 8
      vertex 76.8221 58.5085 2
    endloop
  endfacet
  facet normal 0.740819 0.671705 0
    outer loop
      vertex 76.4736 59.0301 8
      vertex 76.2627 59.2627 2
      vertex 76.2627 59.2627 8
    endloop
  endfacet
  facet normal 0.740819 0.671705 0
    outer loop
      vertex 76.2627 59.2627 2
      vertex 76.4736 59.0301 8
      vertex 76.4736 59.0301 2
    endloop
  endfacet
  facet normal 0.595661 0.803236 -0
    outer loop
      vertex 76.0301 59.4736 2
      vertex 75.7778 59.6607 8
      vertex 76.0301 59.4736 8
    endloop
  endfacet
  facet normal 0.595661 0.803236 0
    outer loop
      vertex 75.7778 59.6607 8
      vertex 76.0301 59.4736 2
      vertex 75.7778 59.6607 2
    endloop
  endfacet
  facet normal 0.0490324 0.998797 -0
    outer loop
      vertex 74.3137 60.1846 2
      vertex 74 60.2 8
      vertex 74.3137 60.1846 8
    endloop
  endfacet
  facet normal 0.0490324 0.998797 0
    outer loop
      vertex 74 60.2 8
      vertex 74.3137 60.1846 2
      vertex 74 60.2 2
    endloop
  endfacet
  facet normal 0.514074 0.857746 -0
    outer loop
      vertex 75.7778 59.6607 2
      vertex 75.5085 59.8221 8
      vertex 75.7778 59.6607 8
    endloop
  endfacet
  facet normal 0.514074 0.857746 0
    outer loop
      vertex 75.5085 59.8221 8
      vertex 75.7778 59.6607 2
      vertex 75.5085 59.8221 2
    endloop
  endfacet
  facet normal 0.336881 0.941547 -0
    outer loop
      vertex 75.2246 59.9564 2
      vertex 74.9289 60.0622 8
      vertex 75.2246 59.9564 8
    endloop
  endfacet
  facet normal 0.336881 0.941547 0
    outer loop
      vertex 74.9289 60.0622 8
      vertex 75.2246 59.9564 2
      vertex 74.9289 60.0622 2
    endloop
  endfacet
  facet normal 0.242985 0.97003 -0
    outer loop
      vertex 74.9289 60.0622 2
      vertex 74.6243 60.1385 8
      vertex 74.9289 60.0622 8
    endloop
  endfacet
  facet normal 0.242985 0.97003 0
    outer loop
      vertex 74.6243 60.1385 8
      vertex 74.9289 60.0622 2
      vertex 74.6243 60.1385 2
    endloop
  endfacet
  facet normal -0.998797 0.0490324 0
    outer loop
      vertex 70.8 57 2
      vertex 70.8154 57.3137 8
      vertex 70.8154 57.3137 2
    endloop
  endfacet
  facet normal -0.998797 0.0490324 0
    outer loop
      vertex 70.8154 57.3137 8
      vertex 70.8 57 2
      vertex 70.8 57 8
    endloop
  endfacet
  facet normal -0.941547 0.336881 0
    outer loop
      vertex 70.9378 57.9289 2
      vertex 71.0436 58.2246 8
      vertex 71.0436 58.2246 2
    endloop
  endfacet
  facet normal -0.941547 0.336881 0
    outer loop
      vertex 71.0436 58.2246 8
      vertex 70.9378 57.9289 2
      vertex 70.9378 57.9289 8
    endloop
  endfacet
  facet normal -0.97003 0.242985 0
    outer loop
      vertex 70.8615 57.6243 2
      vertex 70.9378 57.9289 8
      vertex 70.9378 57.9289 2
    endloop
  endfacet
  facet normal -0.97003 0.242985 0
    outer loop
      vertex 70.9378 57.9289 8
      vertex 70.8615 57.6243 2
      vertex 70.8615 57.6243 8
    endloop
  endfacet
  facet normal -0.857746 0.514074 0
    outer loop
      vertex 71.1779 58.5085 2
      vertex 71.3393 58.7778 8
      vertex 71.3393 58.7778 2
    endloop
  endfacet
  facet normal -0.857746 0.514074 0
    outer loop
      vertex 71.3393 58.7778 8
      vertex 71.1779 58.5085 2
      vertex 71.1779 58.5085 8
    endloop
  endfacet
  facet normal -0.803236 0.595661 0
    outer loop
      vertex 71.3393 58.7778 2
      vertex 71.5264 59.0301 8
      vertex 71.5264 59.0301 2
    endloop
  endfacet
  facet normal -0.803236 0.595661 0
    outer loop
      vertex 71.5264 59.0301 8
      vertex 71.3393 58.7778 2
      vertex 71.3393 58.7778 8
    endloop
  endfacet
  facet normal -0.242985 0.97003 0
    outer loop
      vertex 73.3757 60.1385 2
      vertex 73.0711 60.0622 8
      vertex 73.3757 60.1385 8
    endloop
  endfacet
  facet normal -0.242985 0.97003 0
    outer loop
      vertex 73.0711 60.0622 8
      vertex 73.3757 60.1385 2
      vertex 73.0711 60.0622 2
    endloop
  endfacet
  facet normal -0.0490324 0.998797 0
    outer loop
      vertex 74 60.2 2
      vertex 73.6863 60.1846 8
      vertex 74 60.2 8
    endloop
  endfacet
  facet normal -0.0490324 0.998797 0
    outer loop
      vertex 73.6863 60.1846 8
      vertex 74 60.2 2
      vertex 73.6863 60.1846 2
    endloop
  endfacet
  facet normal -0.514074 0.857746 0
    outer loop
      vertex 72.4915 59.8221 2
      vertex 72.2222 59.6607 8
      vertex 72.4915 59.8221 8
    endloop
  endfacet
  facet normal -0.514074 0.857746 0
    outer loop
      vertex 72.2222 59.6607 8
      vertex 72.4915 59.8221 2
      vertex 72.2222 59.6607 2
    endloop
  endfacet
  facet normal -0.595661 0.803236 0
    outer loop
      vertex 72.2222 59.6607 2
      vertex 71.9699 59.4736 8
      vertex 72.2222 59.6607 8
    endloop
  endfacet
  facet normal -0.595661 0.803236 0
    outer loop
      vertex 71.9699 59.4736 8
      vertex 72.2222 59.6607 2
      vertex 71.9699 59.4736 2
    endloop
  endfacet
  facet normal -0.427621 0.903958 0
    outer loop
      vertex 72.7754 59.9564 2
      vertex 72.4915 59.8221 8
      vertex 72.7754 59.9564 8
    endloop
  endfacet
  facet normal -0.427621 0.903958 0
    outer loop
      vertex 72.4915 59.8221 8
      vertex 72.7754 59.9564 2
      vertex 72.4915 59.8221 2
    endloop
  endfacet
  facet normal -0.671705 0.740819 0
    outer loop
      vertex 71.9699 59.4736 2
      vertex 71.7373 59.2627 8
      vertex 71.9699 59.4736 8
    endloop
  endfacet
  facet normal -0.671705 0.740819 0
    outer loop
      vertex 71.7373 59.2627 8
      vertex 71.9699 59.4736 2
      vertex 71.7373 59.2627 2
    endloop
  endfacet
  facet normal 0.998797 0.0490324 0
    outer loop
      vertex 77.2 57 8
      vertex 77.1846 57.3137 2
      vertex 77.1846 57.3137 8
    endloop
  endfacet
  facet normal 0.998797 0.0490324 0
    outer loop
      vertex 77.1846 57.3137 2
      vertex 77.2 57 8
      vertex 77.2 57 2
    endloop
  endfacet
  facet normal 0.0490324 -0.998797 0
    outer loop
      vertex 74 53.8 2
      vertex 74.3137 53.8154 8
      vertex 74 53.8 8
    endloop
  endfacet
  facet normal 0.0490324 -0.998797 0
    outer loop
      vertex 74.3137 53.8154 8
      vertex 74 53.8 2
      vertex 74.3137 53.8154 2
    endloop
  endfacet
  facet normal 0.941547 -0.336881 0
    outer loop
      vertex 76.9564 55.7754 8
      vertex 77.0622 56.0711 2
      vertex 77.0622 56.0711 8
    endloop
  endfacet
  facet normal 0.941547 -0.336881 0
    outer loop
      vertex 77.0622 56.0711 2
      vertex 76.9564 55.7754 8
      vertex 76.9564 55.7754 2
    endloop
  endfacet
  facet normal 0.146814 -0.989164 0
    outer loop
      vertex 74.3137 53.8154 2
      vertex 74.6243 53.8615 8
      vertex 74.3137 53.8154 8
    endloop
  endfacet
  facet normal 0.146814 -0.989164 0
    outer loop
      vertex 74.6243 53.8615 8
      vertex 74.3137 53.8154 2
      vertex 74.6243 53.8615 2
    endloop
  endfacet
  facet normal 0.242985 -0.97003 0
    outer loop
      vertex 74.6243 53.8615 2
      vertex 74.9289 53.9378 8
      vertex 74.6243 53.8615 8
    endloop
  endfacet
  facet normal 0.242985 -0.97003 0
    outer loop
      vertex 74.9289 53.9378 8
      vertex 74.6243 53.8615 2
      vertex 74.9289 53.9378 2
    endloop
  endfacet
  facet normal 0.595661 -0.803236 0
    outer loop
      vertex 75.7778 54.3393 2
      vertex 76.0301 54.5264 8
      vertex 75.7778 54.3393 8
    endloop
  endfacet
  facet normal 0.595661 -0.803236 0
    outer loop
      vertex 76.0301 54.5264 8
      vertex 75.7778 54.3393 2
      vertex 76.0301 54.5264 2
    endloop
  endfacet
  facet normal 0.427621 -0.903958 0
    outer loop
      vertex 75.2246 54.0436 2
      vertex 75.5085 54.1779 8
      vertex 75.2246 54.0436 8
    endloop
  endfacet
  facet normal 0.427621 -0.903958 0
    outer loop
      vertex 75.5085 54.1779 8
      vertex 75.2246 54.0436 2
      vertex 75.5085 54.1779 2
    endloop
  endfacet
  facet normal 0.857746 -0.514074 0
    outer loop
      vertex 76.6607 55.2222 8
      vertex 76.8221 55.4915 2
      vertex 76.8221 55.4915 8
    endloop
  endfacet
  facet normal 0.857746 -0.514074 0
    outer loop
      vertex 76.8221 55.4915 2
      vertex 76.6607 55.2222 8
      vertex 76.6607 55.2222 2
    endloop
  endfacet
  facet normal -0.0490324 -0.998797 0
    outer loop
      vertex 73.6863 53.8154 2
      vertex 74 53.8 8
      vertex 73.6863 53.8154 8
    endloop
  endfacet
  facet normal -0.0490324 -0.998797 -0
    outer loop
      vertex 74 53.8 8
      vertex 73.6863 53.8154 2
      vertex 74 53.8 2
    endloop
  endfacet
  facet normal -0.336881 -0.941547 0
    outer loop
      vertex 72.7754 54.0436 2
      vertex 73.0711 53.9378 8
      vertex 72.7754 54.0436 8
    endloop
  endfacet
  facet normal -0.336881 -0.941547 -0
    outer loop
      vertex 73.0711 53.9378 8
      vertex 72.7754 54.0436 2
      vertex 73.0711 53.9378 2
    endloop
  endfacet
  facet normal -0.514074 -0.857746 0
    outer loop
      vertex 72.2222 54.3393 2
      vertex 72.4915 54.1779 8
      vertex 72.2222 54.3393 8
    endloop
  endfacet
  facet normal -0.514074 -0.857746 -0
    outer loop
      vertex 72.4915 54.1779 8
      vertex 72.2222 54.3393 2
      vertex 72.4915 54.1779 2
    endloop
  endfacet
  facet normal -0.998797 -0.0490324 0
    outer loop
      vertex 70.8154 56.6863 2
      vertex 70.8 57 8
      vertex 70.8 57 2
    endloop
  endfacet
  facet normal -0.998797 -0.0490324 0
    outer loop
      vertex 70.8 57 8
      vertex 70.8154 56.6863 2
      vertex 70.8154 56.6863 8
    endloop
  endfacet
  facet normal -0.97003 -0.242985 0
    outer loop
      vertex 70.9378 56.0711 2
      vertex 70.8615 56.3757 8
      vertex 70.8615 56.3757 2
    endloop
  endfacet
  facet normal -0.97003 -0.242985 0
    outer loop
      vertex 70.8615 56.3757 8
      vertex 70.9378 56.0711 2
      vertex 70.9378 56.0711 8
    endloop
  endfacet
  facet normal -0.989164 -0.146814 0
    outer loop
      vertex 70.8615 56.3757 2
      vertex 70.8154 56.6863 8
      vertex 70.8154 56.6863 2
    endloop
  endfacet
  facet normal -0.989164 -0.146814 0
    outer loop
      vertex 70.8154 56.6863 8
      vertex 70.8615 56.3757 2
      vertex 70.8615 56.3757 8
    endloop
  endfacet
  facet normal -0.803236 -0.595661 0
    outer loop
      vertex 71.5264 54.9699 2
      vertex 71.3393 55.2222 8
      vertex 71.3393 55.2222 2
    endloop
  endfacet
  facet normal -0.803236 -0.595661 0
    outer loop
      vertex 71.3393 55.2222 8
      vertex 71.5264 54.9699 2
      vertex 71.5264 54.9699 8
    endloop
  endfacet
  facet normal -0.903958 -0.427621 0
    outer loop
      vertex 71.1779 55.4915 2
      vertex 71.0436 55.7754 8
      vertex 71.0436 55.7754 2
    endloop
  endfacet
  facet normal -0.903958 -0.427621 0
    outer loop
      vertex 71.0436 55.7754 8
      vertex 71.1779 55.4915 2
      vertex 71.1779 55.4915 8
    endloop
  endfacet
  facet normal -0.740819 -0.671705 0
    outer loop
      vertex 71.7373 54.7373 2
      vertex 71.5264 54.9699 8
      vertex 71.5264 54.9699 2
    endloop
  endfacet
  facet normal -0.740819 -0.671705 0
    outer loop
      vertex 71.5264 54.9699 8
      vertex 71.7373 54.7373 2
      vertex 71.7373 54.7373 8
    endloop
  endfacet
  facet normal 0 0 1
    outer loop
      vertex 75.375 57 8
      vertex 77.2 57 8
      vertex 77.1846 57.3137 8
    endloop
  endfacet
  facet normal 0 0 1
    outer loop
      vertex 75.3684 57.1348 8
      vertex 77.1846 57.3137 8
      vertex 77.1385 57.6243 8
    endloop
  endfacet
  facet normal 0 0 1
    outer loop
      vertex 77.2 57 8
      vertex 75.375 57 8
      vertex 77.1846 56.6863 8
    endloop
  endfacet
  facet normal 0 0 1
    outer loop
      vertex 75.3486 57.2682 8
      vertex 77.1385 57.6243 8
      vertex 77.0622 57.9289 8
    endloop
  endfacet
  facet normal -0 0 1
    outer loop
      vertex 75.3684 56.8652 8
      vertex 77.1846 56.6863 8
      vertex 75.375 57 8
    endloop
  endfacet
  facet normal 0 0 1
    outer loop
      vertex 75.3158 57.3991 8
      vertex 77.0622 57.9289 8
      vertex 76.9564 58.2246 8
    endloop
  endfacet
  facet normal 0 0 1
    outer loop
      vertex 77.1846 56.6863 8
      vertex 75.3684 56.8652 8
      vertex 77.1385 56.3757 8
    endloop
  endfacet
  facet normal 0 0 1
    outer loop
      vertex 75.2703 57.5262 8
      vertex 76.9564 58.2246 8
      vertex 76.8221 58.5085 8
    endloop
  endfacet
  facet normal -0 0 1
    outer loop
      vertex 75.3486 56.7318 8
      vertex 77.1385 56.3757 8
      vertex 75.3684 56.8652 8
    endloop
  endfacet
  facet normal 0 0 1
    outer loop
      vertex 75.2126 57.6482 8
      vertex 76.8221 58.5085 8
      vertex 76.6607 58.7778 8
    endloop
  endfacet
  facet normal 0 0 1
    outer loop
      vertex 77.1385 56.3757 8
      vertex 75.3486 56.7318 8
      vertex 77.0622 56.0711 8
    endloop
  endfacet
  facet normal 0 0 1
    outer loop
      vertex 75.1433 57.7639 8
      vertex 76.6607 58.7778 8
      vertex 76.4736 59.0301 8
    endloop
  endfacet
  facet normal -0 0 1
    outer loop
      vertex 75.3158 56.6009 8
      vertex 77.0622 56.0711 8
      vertex 75.3486 56.7318 8
    endloop
  endfacet
  facet normal 0 0 1
    outer loop
      vertex 75.0629 57.8723 8
      vertex 76.4736 59.0301 8
      vertex 76.2627 59.2627 8
    endloop
  endfacet
  facet normal 0 0 1
    outer loop
      vertex 77.0622 56.0711 8
      vertex 75.3158 56.6009 8
      vertex 76.9564 55.7754 8
    endloop
  endfacet
  facet normal 0 0 1
    outer loop
      vertex 74.9723 57.9723 8
      vertex 76.2627 59.2627 8
      vertex 76.0301 59.4736 8
    endloop
  endfacet
  facet normal -0 0 1
    outer loop
      vertex 75.2703 56.4738 8
      vertex 76.9564 55.7754 8
      vertex 75.3158 56.6009 8
    endloop
  endfacet
  facet normal 0 0 1
    outer loop
      vertex 74.8723 58.0629 8
      vertex 76.0301 59.4736 8
      vertex 75.7778 59.6607 8
    endloop
  endfacet
  facet normal 0 0 1
    outer loop
      vertex 76.9564 55.7754 8
      vertex 75.2703 56.4738 8
      vertex 76.8221 55.4915 8
    endloop
  endfacet
  facet normal 0 0 1
    outer loop
      vertex 74.7639 58.1433 8
      vertex 75.7778 59.6607 8
      vertex 75.5085 59.8221 8
    endloop
  endfacet
  facet normal -0 0 1
    outer loop
      vertex 75.2126 56.3518 8
      vertex 76.8221 55.4915 8
      vertex 75.2703 56.4738 8
    endloop
  endfacet
  facet normal 0 0 1
    outer loop
      vertex 76.8221 55.4915 8
      vertex 75.2126 56.3518 8
      vertex 76.6607 55.2222 8
    endloop
  endfacet
  facet normal 0 0 1
    outer loop
      vertex 77.1846 57.3137 8
      vertex 75.3684 57.1348 8
      vertex 75.375 57 8
    endloop
  endfacet
  facet normal 0 0 1
    outer loop
      vertex 77.1385 57.6243 8
      vertex 75.3486 57.2682 8
      vertex 75.3684 57.1348 8
    endloop
  endfacet
  facet normal 0 0 1
    outer loop
      vertex 77.0622 57.9289 8
      vertex 75.3158 57.3991 8
      vertex 75.3486 57.2682 8
    endloop
  endfacet
  facet normal 0 0 1
    outer loop
      vertex 76.9564 58.2246 8
      vertex 75.2703 57.5262 8
      vertex 75.3158 57.3991 8
    endloop
  endfacet
  facet normal 0 0 1
    outer loop
      vertex 74.6482 58.2126 8
      vertex 75.5085 59.8221 8
      vertex 75.2246 59.9564 8
    endloop
  endfacet
  facet normal 0 0 1
    outer loop
      vertex 76.8221 58.5085 8
      vertex 75.2126 57.6482 8
      vertex 75.2703 57.5262 8
    endloop
  endfacet
  facet normal 0 0 1
    outer loop
      vertex 76.6607 58.7778 8
      vertex 75.1433 57.7639 8
      vertex 75.2126 57.6482 8
    endloop
  endfacet
  facet normal 0 0 1
    outer loop
      vertex 76.4736 59.0301 8
      vertex 75.0629 57.8723 8
      vertex 75.1433 57.7639 8
    endloop
  endfacet
  facet normal 0 0 1
    outer loop
      vertex 76.2627 59.2627 8
      vertex 74.9723 57.9723 8
      vertex 75.0629 57.8723 8
    endloop
  endfacet
  facet normal 0 0 1
    outer loop
      vertex 74.5262 58.2703 8
      vertex 75.2246 59.9564 8
      vertex 74.9289 60.0622 8
    endloop
  endfacet
  facet normal 0 0 1
    outer loop
      vertex 76.0301 59.4736 8
      vertex 74.8723 58.0629 8
      vertex 74.9723 57.9723 8
    endloop
  endfacet
  facet normal 0 0 1
    outer loop
      vertex 75.7778 59.6607 8
      vertex 74.7639 58.1433 8
      vertex 74.8723 58.0629 8
    endloop
  endfacet
  facet normal 0 0 1
    outer loop
      vertex 75.5085 59.8221 8
      vertex 74.6482 58.2126 8
      vertex 74.7639 58.1433 8
    endloop
  endfacet
  facet normal 0 0 1
    outer loop
      vertex 74.3991 58.3158 8
      vertex 74.9289 60.0622 8
      vertex 74.6243 60.1385 8
    endloop
  endfacet
  facet normal 0 0 1
    outer loop
      vertex 75.2246 59.9564 8
      vertex 74.5262 58.2703 8
      vertex 74.6482 58.2126 8
    endloop
  endfacet
  facet normal 0 0 1
    outer loop
      vertex 74.9289 60.0622 8
      vertex 74.3991 58.3158 8
      vertex 74.5262 58.2703 8
    endloop
  endfacet
  facet normal 0 0 1
    outer loop
      vertex 74.2682 58.3486 8
      vertex 74.6243 60.1385 8
      vertex 74.3137 60.1846 8
    endloop
  endfacet
  facet normal 0 0 1
    outer loop
      vertex 74.6243 60.1385 8
      vertex 74.2682 58.3486 8
      vertex 74.3991 58.3158 8
    endloop
  endfacet
  facet normal 0 0 1
    outer loop
      vertex 74.3137 60.1846 8
      vertex 74.1348 58.3684 8
      vertex 74.2682 58.3486 8
    endloop
  endfacet
  facet normal 0 0 1
    outer loop
      vertex 74 60.2 8
      vertex 74.1348 58.3684 8
      vertex 74.3137 60.1846 8
    endloop
  endfacet
  facet normal 0 0 1
    outer loop
      vertex 74 60.2 8
      vertex 74 58.375 8
      vertex 74.1348 58.3684 8
    endloop
  endfacet
  facet normal 0 0 1
    outer loop
      vertex 74 60.2 8
      vertex 73.8652 58.3684 8
      vertex 74 58.375 8
    endloop
  endfacet
  facet normal -0 0 1
    outer loop
      vertex 73.6863 60.1846 8
      vertex 73.8652 58.3684 8
      vertex 74 60.2 8
    endloop
  endfacet
  facet normal 0 0 1
    outer loop
      vertex 73.8652 58.3684 8
      vertex 73.6863 60.1846 8
      vertex 73.7318 58.3486 8
    endloop
  endfacet
  facet normal -0 0 1
    outer loop
      vertex 73.3757 60.1385 8
      vertex 73.7318 58.3486 8
      vertex 73.6863 60.1846 8
    endloop
  endfacet
  facet normal 0 0 1
    outer loop
      vertex 73.7318 58.3486 8
      vertex 73.3757 60.1385 8
      vertex 73.6009 58.3158 8
    endloop
  endfacet
  facet normal -0 0 1
    outer loop
      vertex 73.0711 60.0622 8
      vertex 73.6009 58.3158 8
      vertex 73.3757 60.1385 8
    endloop
  endfacet
  facet normal 0 0 1
    outer loop
      vertex 73.6009 58.3158 8
      vertex 73.0711 60.0622 8
      vertex 73.4738 58.2703 8
    endloop
  endfacet
  facet normal -0 0 1
    outer loop
      vertex 72.7754 59.9564 8
      vertex 73.4738 58.2703 8
      vertex 73.0711 60.0622 8
    endloop
  endfacet
  facet normal 0 0 1
    outer loop
      vertex 73.4738 58.2703 8
      vertex 72.7754 59.9564 8
      vertex 73.3518 58.2126 8
    endloop
  endfacet
  facet normal -0 0 1
    outer loop
      vertex 72.4915 59.8221 8
      vertex 73.3518 58.2126 8
      vertex 72.7754 59.9564 8
    endloop
  endfacet
  facet normal 0 0 1
    outer loop
      vertex 73.3518 58.2126 8
      vertex 72.4915 59.8221 8
      vertex 73.2361 58.1433 8
    endloop
  endfacet
  facet normal -0 0 1
    outer loop
      vertex 72.2222 59.6607 8
      vertex 73.2361 58.1433 8
      vertex 72.4915 59.8221 8
    endloop
  endfacet
  facet normal 0 0 1
    outer loop
      vertex 73.2361 58.1433 8
      vertex 72.2222 59.6607 8
      vertex 73.1277 58.0629 8
    endloop
  endfacet
  facet normal -0 0 1
    outer loop
      vertex 71.9699 59.4736 8
      vertex 73.1277 58.0629 8
      vertex 72.2222 59.6607 8
    endloop
  endfacet
  facet normal 0 0 1
    outer loop
      vertex 73.1277 58.0629 8
      vertex 71.9699 59.4736 8
      vertex 73.0277 57.9723 8
    endloop
  endfacet
  facet normal -0 0 1
    outer loop
      vertex 71.7373 59.2627 8
      vertex 73.0277 57.9723 8
      vertex 71.9699 59.4736 8
    endloop
  endfacet
  facet normal 0 0 1
    outer loop
      vertex 73.0277 57.9723 8
      vertex 71.7373 59.2627 8
      vertex 72.9371 57.8723 8
    endloop
  endfacet
  facet normal -0 0 1
    outer loop
      vertex 71.5264 59.0301 8
      vertex 72.9371 57.8723 8
      vertex 71.7373 59.2627 8
    endloop
  endfacet
  facet normal 0 0 1
    outer loop
      vertex 72.9371 57.8723 8
      vertex 71.5264 59.0301 8
      vertex 72.8567 57.7639 8
    endloop
  endfacet
  facet normal 0 0 1
    outer loop
      vertex 72.8567 57.7639 8
      vertex 71.3393 58.7778 8
      vertex 72.7874 57.6482 8
    endloop
  endfacet
  facet normal -0 0 1
    outer loop
      vertex 71.3393 58.7778 8
      vertex 72.8567 57.7639 8
      vertex 71.5264 59.0301 8
    endloop
  endfacet
  facet normal -0 0 1
    outer loop
      vertex 75.1433 56.2361 8
      vertex 76.6607 55.2222 8
      vertex 75.2126 56.3518 8
    endloop
  endfacet
  facet normal 0 0 1
    outer loop
      vertex 76.6607 55.2222 8
      vertex 75.1433 56.2361 8
      vertex 76.4736 54.9699 8
    endloop
  endfacet
  facet normal -0 0 1
    outer loop
      vertex 75.0629 56.1277 8
      vertex 76.4736 54.9699 8
      vertex 75.1433 56.2361 8
    endloop
  endfacet
  facet normal 0 0 1
    outer loop
      vertex 76.4736 54.9699 8
      vertex 75.0629 56.1277 8
      vertex 76.2627 54.7373 8
    endloop
  endfacet
  facet normal -0 0 1
    outer loop
      vertex 74.9723 56.0277 8
      vertex 76.2627 54.7373 8
      vertex 75.0629 56.1277 8
    endloop
  endfacet
  facet normal 0 0 1
    outer loop
      vertex 76.2627 54.7373 8
      vertex 74.9723 56.0277 8
      vertex 76.0301 54.5264 8
    endloop
  endfacet
  facet normal -0 0 1
    outer loop
      vertex 74.8723 55.9371 8
      vertex 76.0301 54.5264 8
      vertex 74.9723 56.0277 8
    endloop
  endfacet
  facet normal 0 0 1
    outer loop
      vertex 76.0301 54.5264 8
      vertex 74.8723 55.9371 8
      vertex 75.7778 54.3393 8
    endloop
  endfacet
  facet normal -0 0 1
    outer loop
      vertex 74.7639 55.8567 8
      vertex 75.7778 54.3393 8
      vertex 74.8723 55.9371 8
    endloop
  endfacet
  facet normal 0 0 1
    outer loop
      vertex 75.7778 54.3393 8
      vertex 74.7639 55.8567 8
      vertex 75.5085 54.1779 8
    endloop
  endfacet
  facet normal -0 0 1
    outer loop
      vertex 74.6482 55.7874 8
      vertex 75.5085 54.1779 8
      vertex 74.7639 55.8567 8
    endloop
  endfacet
  facet normal 0 0 1
    outer loop
      vertex 75.5085 54.1779 8
      vertex 74.6482 55.7874 8
      vertex 75.2246 54.0436 8
    endloop
  endfacet
  facet normal -0 0 1
    outer loop
      vertex 74.5262 55.7297 8
      vertex 75.2246 54.0436 8
      vertex 74.6482 55.7874 8
    endloop
  endfacet
  facet normal 0 0 1
    outer loop
      vertex 75.2246 54.0436 8
      vertex 74.5262 55.7297 8
      vertex 74.9289 53.9378 8
    endloop
  endfacet
  facet normal -0 0 1
    outer loop
      vertex 74.3991 55.6842 8
      vertex 74.9289 53.9378 8
      vertex 74.5262 55.7297 8
    endloop
  endfacet
  facet normal 0 0 1
    outer loop
      vertex 74.9289 53.9378 8
      vertex 74.3991 55.6842 8
      vertex 74.6243 53.8615 8
    endloop
  endfacet
  facet normal -0 0 1
    outer loop
      vertex 74.2682 55.6514 8
      vertex 74.6243 53.8615 8
      vertex 74.3991 55.6842 8
    endloop
  endfacet
  facet normal 0 0 1
    outer loop
      vertex 74.6243 53.8615 8
      vertex 74.2682 55.6514 8
      vertex 74.3137 53.8154 8
    endloop
  endfacet
  facet normal -0 0 1
    outer loop
      vertex 74.1348 55.6316 8
      vertex 74.3137 53.8154 8
      vertex 74.2682 55.6514 8
    endloop
  endfacet
  facet normal -0 0 1
    outer loop
      vertex 74 55.625 8
      vertex 74.3137 53.8154 8
      vertex 74.1348 55.6316 8
    endloop
  endfacet
  facet normal 0 0 1
    outer loop
      vertex 74 55.625 8
      vertex 74 53.8 8
      vertex 74.3137 53.8154 8
    endloop
  endfacet
  facet normal 0 0 1
    outer loop
      vertex 73.8652 55.6316 8
      vertex 74 53.8 8
      vertex 74 55.625 8
    endloop
  endfacet
  facet normal 0 0 1
    outer loop
      vertex 73.6863 53.8154 8
      vertex 73.8652 55.6316 8
      vertex 73.7318 55.6514 8
    endloop
  endfacet
  facet normal 0 0 1
    outer loop
      vertex 73.8652 55.6316 8
      vertex 73.6863 53.8154 8
      vertex 74 53.8 8
    endloop
  endfacet
  facet normal 0 0 1
    outer loop
      vertex 73.3757 53.8615 8
      vertex 73.7318 55.6514 8
      vertex 73.6009 55.6842 8
    endloop
  endfacet
  facet normal 0 0 1
    outer loop
      vertex 73.0711 53.9378 8
      vertex 73.6009 55.6842 8
      vertex 73.4738 55.7297 8
    endloop
  endfacet
  facet normal 0 0 1
    outer loop
      vertex 73.7318 55.6514 8
      vertex 73.3757 53.8615 8
      vertex 73.6863 53.8154 8
    endloop
  endfacet
  facet normal 0 0 1
    outer loop
      vertex 72.7754 54.0436 8
      vertex 73.4738 55.7297 8
      vertex 73.3518 55.7874 8
    endloop
  endfacet
  facet normal 0 0 1
    outer loop
      vertex 72.4915 54.1779 8
      vertex 73.3518 55.7874 8
      vertex 73.2361 55.8567 8
    endloop
  endfacet
  facet normal 0 0 1
    outer loop
      vertex 72.2222 54.3393 8
      vertex 73.2361 55.8567 8
      vertex 73.1277 55.9371 8
    endloop
  endfacet
  facet normal 0 0 1
    outer loop
      vertex 73.6009 55.6842 8
      vertex 73.0711 53.9378 8
      vertex 73.3757 53.8615 8
    endloop
  endfacet
  facet normal 0 0 1
    outer loop
      vertex 71.9699 54.5264 8
      vertex 73.1277 55.9371 8
      vertex 73.0277 56.0277 8
    endloop
  endfacet
  facet normal 0 0 1
    outer loop
      vertex 71.7373 54.7373 8
      vertex 73.0277 56.0277 8
      vertex 72.9371 56.1277 8
    endloop
  endfacet
  facet normal 0 0 1
    outer loop
      vertex 71.5264 54.9699 8
      vertex 72.9371 56.1277 8
      vertex 72.8567 56.2361 8
    endloop
  endfacet
  facet normal 0 0 1
    outer loop
      vertex 71.3393 55.2222 8
      vertex 72.8567 56.2361 8
      vertex 72.7874 56.3518 8
    endloop
  endfacet
  facet normal 0 0 1
    outer loop
      vertex 73.4738 55.7297 8
      vertex 72.7754 54.0436 8
      vertex 73.0711 53.9378 8
    endloop
  endfacet
  facet normal 0 0 1
    outer loop
      vertex 71.1779 55.4915 8
      vertex 72.7874 56.3518 8
      vertex 72.7297 56.4738 8
    endloop
  endfacet
  facet normal 0 0 1
    outer loop
      vertex 71.0436 55.7754 8
      vertex 72.7297 56.4738 8
      vertex 72.6842 56.6009 8
    endloop
  endfacet
  facet normal 0 0 1
    outer loop
      vertex 70.9378 56.0711 8
      vertex 72.6842 56.6009 8
      vertex 72.6514 56.7318 8
    endloop
  endfacet
  facet normal 0 0 1
    outer loop
      vertex 70.8615 56.3757 8
      vertex 72.6514 56.7318 8
      vertex 72.6316 56.8652 8
    endloop
  endfacet
  facet normal 0 0 1
    outer loop
      vertex 73.3518 55.7874 8
      vertex 72.4915 54.1779 8
      vertex 72.7754 54.0436 8
    endloop
  endfacet
  facet normal 0 0 1
    outer loop
      vertex 70.8154 56.6863 8
      vertex 72.6316 56.8652 8
      vertex 72.625 57 8
    endloop
  endfacet
  facet normal -0 0 1
    outer loop
      vertex 71.1779 58.5085 8
      vertex 72.7874 57.6482 8
      vertex 71.3393 58.7778 8
    endloop
  endfacet
  facet normal 0 0 1
    outer loop
      vertex 72.7874 57.6482 8
      vertex 71.1779 58.5085 8
      vertex 72.7297 57.5262 8
    endloop
  endfacet
  facet normal 0 0 1
    outer loop
      vertex 73.2361 55.8567 8
      vertex 72.2222 54.3393 8
      vertex 72.4915 54.1779 8
    endloop
  endfacet
  facet normal -0 0 1
    outer loop
      vertex 71.0436 58.2246 8
      vertex 72.7297 57.5262 8
      vertex 71.1779 58.5085 8
    endloop
  endfacet
  facet normal 0 0 1
    outer loop
      vertex 73.1277 55.9371 8
      vertex 71.9699 54.5264 8
      vertex 72.2222 54.3393 8
    endloop
  endfacet
  facet normal 0 0 1
    outer loop
      vertex 72.7297 57.5262 8
      vertex 71.0436 58.2246 8
      vertex 72.6842 57.3991 8
    endloop
  endfacet
  facet normal 0 0 1
    outer loop
      vertex 73.0277 56.0277 8
      vertex 71.7373 54.7373 8
      vertex 71.9699 54.5264 8
    endloop
  endfacet
  facet normal -0 0 1
    outer loop
      vertex 70.9378 57.9289 8
      vertex 72.6842 57.3991 8
      vertex 71.0436 58.2246 8
    endloop
  endfacet
  facet normal 0 0 1
    outer loop
      vertex 72.9371 56.1277 8
      vertex 71.5264 54.9699 8
      vertex 71.7373 54.7373 8
    endloop
  endfacet
  facet normal 0 0 1
    outer loop
      vertex 72.6842 57.3991 8
      vertex 70.9378 57.9289 8
      vertex 72.6514 57.2682 8
    endloop
  endfacet
  facet normal 0 0 1
    outer loop
      vertex 72.8567 56.2361 8
      vertex 71.3393 55.2222 8
      vertex 71.5264 54.9699 8
    endloop
  endfacet
  facet normal -0 0 1
    outer loop
      vertex 70.8615 57.6243 8
      vertex 72.6514 57.2682 8
      vertex 70.9378 57.9289 8
    endloop
  endfacet
  facet normal 0 0 1
    outer loop
      vertex 72.7874 56.3518 8
      vertex 71.1779 55.4915 8
      vertex 71.3393 55.2222 8
    endloop
  endfacet
  facet normal 0 0 1
    outer loop
      vertex 72.6514 57.2682 8
      vertex 70.8615 57.6243 8
      vertex 72.6316 57.1348 8
    endloop
  endfacet
  facet normal 0 0 1
    outer loop
      vertex 72.7297 56.4738 8
      vertex 71.0436 55.7754 8
      vertex 71.1779 55.4915 8
    endloop
  endfacet
  facet normal -0 0 1
    outer loop
      vertex 70.8154 57.3137 8
      vertex 72.6316 57.1348 8
      vertex 70.8615 57.6243 8
    endloop
  endfacet
  facet normal 0 0 1
    outer loop
      vertex 72.6842 56.6009 8
      vertex 70.9378 56.0711 8
      vertex 71.0436 55.7754 8
    endloop
  endfacet
  facet normal 0 0 1
    outer loop
      vertex 72.6316 57.1348 8
      vertex 70.8154 57.3137 8
      vertex 72.625 57 8
    endloop
  endfacet
  facet normal 0 0 1
    outer loop
      vertex 72.6514 56.7318 8
      vertex 70.8615 56.3757 8
      vertex 70.9378 56.0711 8
    endloop
  endfacet
  facet normal 0 0 1
    outer loop
      vertex 70.8 57 8
      vertex 72.625 57 8
      vertex 70.8154 57.3137 8
    endloop
  endfacet
  facet normal 0 0 1
    outer loop
      vertex 72.6316 56.8652 8
      vertex 70.8154 56.6863 8
      vertex 70.8615 56.3757 8
    endloop
  endfacet
  facet normal 0 0 1
    outer loop
      vertex 72.625 57 8
      vertex 70.8 57 8
      vertex 70.8154 56.6863 8
    endloop
  endfacet
  facet normal 0.998797 -0.0490324 0
    outer loop
      vertex 77.1846 56.6863 8
      vertex 77.2 57 2
      vertex 77.2 57 8
    endloop
  endfacet
  facet normal 0.998797 -0.0490324 0
    outer loop
      vertex 77.2 57 2
      vertex 77.1846 56.6863 8
      vertex 77.1846 56.6863 2
    endloop
  endfacet
  facet normal 0.97003 -0.242985 0
    outer loop
      vertex 77.0622 56.0711 8
      vertex 77.1385 56.3757 2
      vertex 77.1385 56.3757 8
    endloop
  endfacet
  facet normal 0.97003 -0.242985 0
    outer loop
      vertex 77.1385 56.3757 2
      vertex 77.0622 56.0711 8
      vertex 77.0622 56.0711 2
    endloop
  endfacet
  facet normal 0.336881 -0.941547 0
    outer loop
      vertex 74.9289 53.9378 2
      vertex 75.2246 54.0436 8
      vertex 74.9289 53.9378 8
    endloop
  endfacet
  facet normal 0.336881 -0.941547 0
    outer loop
      vertex 75.2246 54.0436 8
      vertex 74.9289 53.9378 2
      vertex 75.2246 54.0436 2
    endloop
  endfacet
  facet normal 0.671705 -0.740819 0
    outer loop
      vertex 76.0301 54.5264 2
      vertex 76.2627 54.7373 8
      vertex 76.0301 54.5264 8
    endloop
  endfacet
  facet normal 0.671705 -0.740819 0
    outer loop
      vertex 76.2627 54.7373 8
      vertex 76.0301 54.5264 2
      vertex 76.2627 54.7373 2
    endloop
  endfacet
  facet normal 0.514074 -0.857746 0
    outer loop
      vertex 75.5085 54.1779 2
      vertex 75.7778 54.3393 8
      vertex 75.5085 54.1779 8
    endloop
  endfacet
  facet normal 0.514074 -0.857746 0
    outer loop
      vertex 75.7778 54.3393 8
      vertex 75.5085 54.1779 2
      vertex 75.7778 54.3393 2
    endloop
  endfacet
  facet normal 0.803236 -0.595661 0
    outer loop
      vertex 76.4736 54.9699 8
      vertex 76.6607 55.2222 2
      vertex 76.6607 55.2222 8
    endloop
  endfacet
  facet normal 0.803236 -0.595661 0
    outer loop
      vertex 76.6607 55.2222 2
      vertex 76.4736 54.9699 8
      vertex 76.4736 54.9699 2
    endloop
  endfacet
  facet normal -0.242985 -0.97003 0
    outer loop
      vertex 73.0711 53.9378 2
      vertex 73.3757 53.8615 8
      vertex 73.0711 53.9378 8
    endloop
  endfacet
  facet normal -0.242985 -0.97003 -0
    outer loop
      vertex 73.3757 53.8615 8
      vertex 73.0711 53.9378 2
      vertex 73.3757 53.8615 2
    endloop
  endfacet
  facet normal -0.595661 -0.803236 0
    outer loop
      vertex 71.9699 54.5264 2
      vertex 72.2222 54.3393 8
      vertex 71.9699 54.5264 8
    endloop
  endfacet
  facet normal -0.595661 -0.803236 -0
    outer loop
      vertex 72.2222 54.3393 8
      vertex 71.9699 54.5264 2
      vertex 72.2222 54.3393 2
    endloop
  endfacet
  facet normal -0.941547 -0.336881 0
    outer loop
      vertex 71.0436 55.7754 2
      vertex 70.9378 56.0711 8
      vertex 70.9378 56.0711 2
    endloop
  endfacet
  facet normal -0.941547 -0.336881 0
    outer loop
      vertex 70.9378 56.0711 8
      vertex 71.0436 55.7754 2
      vertex 71.0436 55.7754 8
    endloop
  endfacet
  facet normal -0.857746 -0.514074 0
    outer loop
      vertex 71.3393 55.2222 2
      vertex 71.1779 55.4915 8
      vertex 71.1779 55.4915 2
    endloop
  endfacet
  facet normal -0.857746 -0.514074 0
    outer loop
      vertex 71.1779 55.4915 8
      vertex 71.3393 55.2222 2
      vertex 71.3393 55.2222 8
    endloop
  endfacet
  facet normal -0.970012 -0.243059 0
    outer loop
      vertex 75.3486 57.2682 2
      vertex 75.3158 57.3991 8
      vertex 75.3158 57.3991 2
    endloop
  endfacet
  facet normal -0.970012 -0.243059 0
    outer loop
      vertex 75.3158 57.3991 8
      vertex 75.3486 57.2682 2
      vertex 75.3486 57.2682 8
    endloop
  endfacet
  facet normal -0.998804 -0.0489028 0
    outer loop
      vertex 75.375 57 2
      vertex 75.3684 57.1348 8
      vertex 75.3684 57.1348 2
    endloop
  endfacet
  facet normal -0.998804 -0.0489028 0
    outer loop
      vertex 75.3684 57.1348 8
      vertex 75.375 57 2
      vertex 75.375 57 8
    endloop
  endfacet
  facet normal 0.998804 -0.0489028 0
    outer loop
      vertex 72.625 57 8
      vertex 72.6316 57.1348 2
      vertex 72.6316 57.1348 8
    endloop
  endfacet
  facet normal 0.998804 -0.0489028 0
    outer loop
      vertex 72.6316 57.1348 2
      vertex 72.625 57 8
      vertex 72.625 57 2
    endloop
  endfacet
  facet normal -0.0489028 -0.998804 0
    outer loop
      vertex 74 58.375 2
      vertex 74.1348 58.3684 8
      vertex 74 58.375 8
    endloop
  endfacet
  facet normal -0.0489028 -0.998804 -0
    outer loop
      vertex 74.1348 58.3684 8
      vertex 74 58.375 2
      vertex 74.1348 58.3684 2
    endloop
  endfacet
  facet normal -0.671418 -0.741079 0
    outer loop
      vertex 74.8723 58.0629 2
      vertex 74.9723 57.9723 8
      vertex 74.8723 58.0629 8
    endloop
  endfacet
  facet normal -0.671418 -0.741079 -0
    outer loop
      vertex 74.9723 57.9723 8
      vertex 74.8723 58.0629 2
      vertex 74.9723 57.9723 2
    endloop
  endfacet
  facet normal 0.671418 -0.741079 0
    outer loop
      vertex 73.0277 57.9723 2
      vertex 73.1277 58.0629 8
      vertex 73.0277 57.9723 8
    endloop
  endfacet
  facet normal 0.671418 -0.741079 0
    outer loop
      vertex 73.1277 58.0629 8
      vertex 73.0277 57.9723 2
      vertex 73.1277 58.0629 2
    endloop
  endfacet
  facet normal 0.33704 -0.94149 0
    outer loop
      vertex 73.4738 58.2703 2
      vertex 73.6009 58.3158 8
      vertex 73.4738 58.2703 8
    endloop
  endfacet
  facet normal 0.33704 -0.94149 0
    outer loop
      vertex 73.6009 58.3158 8
      vertex 73.4738 58.2703 2
      vertex 73.6009 58.3158 2
    endloop
  endfacet
  facet normal 0.80319 0.595724 0
    outer loop
      vertex 72.9371 56.1277 8
      vertex 72.8567 56.2361 2
      vertex 72.8567 56.2361 8
    endloop
  endfacet
  facet normal 0.80319 0.595724 0
    outer loop
      vertex 72.8567 56.2361 2
      vertex 72.9371 56.1277 8
      vertex 72.9371 56.1277 2
    endloop
  endfacet
  facet normal -0.94149 -0.33704 0
    outer loop
      vertex 75.3158 57.3991 2
      vertex 75.2703 57.5262 8
      vertex 75.2703 57.5262 2
    endloop
  endfacet
  facet normal -0.94149 -0.33704 0
    outer loop
      vertex 75.2703 57.5262 8
      vertex 75.3158 57.3991 2
      vertex 75.3158 57.3991 8
    endloop
  endfacet
  facet normal -0.427545 -0.903994 0
    outer loop
      vertex 74.5262 58.2703 2
      vertex 74.6482 58.2126 8
      vertex 74.5262 58.2703 8
    endloop
  endfacet
  facet normal -0.427545 -0.903994 -0
    outer loop
      vertex 74.6482 58.2126 8
      vertex 74.5262 58.2703 2
      vertex 74.6482 58.2126 2
    endloop
  endfacet
  facet normal -0.595724 -0.80319 0
    outer loop
      vertex 74.7639 58.1433 2
      vertex 74.8723 58.0629 8
      vertex 74.7639 58.1433 8
    endloop
  endfacet
  facet normal -0.595724 -0.80319 -0
    outer loop
      vertex 74.8723 58.0629 8
      vertex 74.7639 58.1433 2
      vertex 74.8723 58.0629 2
    endloop
  endfacet
  facet normal 0.857885 -0.513841 0
    outer loop
      vertex 72.7874 57.6482 8
      vertex 72.8567 57.7639 2
      vertex 72.8567 57.7639 8
    endloop
  endfacet
  facet normal 0.857885 -0.513841 0
    outer loop
      vertex 72.8567 57.7639 2
      vertex 72.7874 57.6482 8
      vertex 72.7874 57.6482 2
    endloop
  endfacet
  facet normal 0.80319 -0.595724 0
    outer loop
      vertex 72.8567 57.7639 8
      vertex 72.9371 57.8723 2
      vertex 72.9371 57.8723 8
    endloop
  endfacet
  facet normal 0.80319 -0.595724 0
    outer loop
      vertex 72.9371 57.8723 2
      vertex 72.8567 57.7639 8
      vertex 72.8567 57.7639 2
    endloop
  endfacet
  facet normal -0.903994 0.427545 0
    outer loop
      vertex 75.2126 56.3518 2
      vertex 75.2703 56.4738 8
      vertex 75.2703 56.4738 2
    endloop
  endfacet
  facet normal -0.903994 0.427545 0
    outer loop
      vertex 75.2703 56.4738 8
      vertex 75.2126 56.3518 2
      vertex 75.2126 56.3518 8
    endloop
  endfacet
  facet normal -0.243059 0.970012 0
    outer loop
      vertex 74.3991 55.6842 2
      vertex 74.2682 55.6514 8
      vertex 74.3991 55.6842 8
    endloop
  endfacet
  facet normal -0.243059 0.970012 0
    outer loop
      vertex 74.2682 55.6514 8
      vertex 74.3991 55.6842 2
      vertex 74.2682 55.6514 2
    endloop
  endfacet
  facet normal -0.741079 0.671418 0
    outer loop
      vertex 74.9723 56.0277 2
      vertex 75.0629 56.1277 8
      vertex 75.0629 56.1277 2
    endloop
  endfacet
  facet normal -0.741079 0.671418 0
    outer loop
      vertex 75.0629 56.1277 8
      vertex 74.9723 56.0277 2
      vertex 74.9723 56.0277 8
    endloop
  endfacet
  facet normal -0.970012 0.243059 0
    outer loop
      vertex 75.3158 56.6009 2
      vertex 75.3486 56.7318 8
      vertex 75.3486 56.7318 2
    endloop
  endfacet
  facet normal -0.970012 0.243059 0
    outer loop
      vertex 75.3486 56.7318 8
      vertex 75.3158 56.6009 2
      vertex 75.3158 56.6009 8
    endloop
  endfacet
  facet normal 0.33704 0.94149 -0
    outer loop
      vertex 73.6009 55.6842 2
      vertex 73.4738 55.7297 8
      vertex 73.6009 55.6842 8
    endloop
  endfacet
  facet normal 0.33704 0.94149 0
    outer loop
      vertex 73.4738 55.7297 8
      vertex 73.6009 55.6842 2
      vertex 73.4738 55.7297 2
    endloop
  endfacet
  facet normal 0.513841 0.857885 -0
    outer loop
      vertex 73.3518 55.7874 2
      vertex 73.2361 55.8567 8
      vertex 73.3518 55.7874 8
    endloop
  endfacet
  facet normal 0.513841 0.857885 0
    outer loop
      vertex 73.2361 55.8567 8
      vertex 73.3518 55.7874 2
      vertex 73.2361 55.8567 2
    endloop
  endfacet
  facet normal 0.970012 0.243059 0
    outer loop
      vertex 72.6842 56.6009 8
      vertex 72.6514 56.7318 2
      vertex 72.6514 56.7318 8
    endloop
  endfacet
  facet normal 0.970012 0.243059 0
    outer loop
      vertex 72.6514 56.7318 2
      vertex 72.6842 56.6009 8
      vertex 72.6842 56.6009 2
    endloop
  endfacet
  facet normal -0.989164 -0.146817 0
    outer loop
      vertex 75.3684 57.1348 2
      vertex 75.3486 57.2682 8
      vertex 75.3486 57.2682 2
    endloop
  endfacet
  facet normal -0.989164 -0.146817 0
    outer loop
      vertex 75.3486 57.2682 8
      vertex 75.3684 57.1348 2
      vertex 75.3684 57.1348 8
    endloop
  endfacet
  facet normal -0.903994 -0.427545 0
    outer loop
      vertex 75.2703 57.5262 2
      vertex 75.2126 57.6482 8
      vertex 75.2126 57.6482 2
    endloop
  endfacet
  facet normal -0.903994 -0.427545 0
    outer loop
      vertex 75.2126 57.6482 8
      vertex 75.2703 57.5262 2
      vertex 75.2703 57.5262 8
    endloop
  endfacet
  facet normal -0.857885 -0.513841 0
    outer loop
      vertex 75.2126 57.6482 2
      vertex 75.1433 57.7639 8
      vertex 75.1433 57.7639 2
    endloop
  endfacet
  facet normal -0.857885 -0.513841 0
    outer loop
      vertex 75.1433 57.7639 8
      vertex 75.2126 57.6482 2
      vertex 75.2126 57.6482 8
    endloop
  endfacet
  facet normal -0.741079 -0.671418 0
    outer loop
      vertex 75.0629 57.8723 2
      vertex 74.9723 57.9723 8
      vertex 74.9723 57.9723 2
    endloop
  endfacet
  facet normal -0.741079 -0.671418 0
    outer loop
      vertex 74.9723 57.9723 8
      vertex 75.0629 57.8723 2
      vertex 75.0629 57.8723 8
    endloop
  endfacet
  facet normal -0.80319 -0.595724 0
    outer loop
      vertex 75.1433 57.7639 2
      vertex 75.0629 57.8723 8
      vertex 75.0629 57.8723 2
    endloop
  endfacet
  facet normal -0.80319 -0.595724 0
    outer loop
      vertex 75.0629 57.8723 8
      vertex 75.1433 57.7639 2
      vertex 75.1433 57.7639 8
    endloop
  endfacet
  facet normal -0.243059 -0.970012 0
    outer loop
      vertex 74.2682 58.3486 2
      vertex 74.3991 58.3158 8
      vertex 74.2682 58.3486 8
    endloop
  endfacet
  facet normal -0.243059 -0.970012 -0
    outer loop
      vertex 74.3991 58.3158 8
      vertex 74.2682 58.3486 2
      vertex 74.3991 58.3158 2
    endloop
  endfacet
  facet normal -0.146817 -0.989164 0
    outer loop
      vertex 74.1348 58.3684 2
      vertex 74.2682 58.3486 8
      vertex 74.1348 58.3684 8
    endloop
  endfacet
  facet normal -0.146817 -0.989164 -0
    outer loop
      vertex 74.2682 58.3486 8
      vertex 74.1348 58.3684 2
      vertex 74.2682 58.3486 2
    endloop
  endfacet
  facet normal -0.513841 -0.857885 0
    outer loop
      vertex 74.6482 58.2126 2
      vertex 74.7639 58.1433 8
      vertex 74.6482 58.2126 8
    endloop
  endfacet
  facet normal -0.513841 -0.857885 -0
    outer loop
      vertex 74.7639 58.1433 8
      vertex 74.6482 58.2126 2
      vertex 74.7639 58.1433 2
    endloop
  endfacet
  facet normal 0.903994 -0.427545 0
    outer loop
      vertex 72.7297 57.5262 8
      vertex 72.7874 57.6482 2
      vertex 72.7874 57.6482 8
    endloop
  endfacet
  facet normal 0.903994 -0.427545 0
    outer loop
      vertex 72.7874 57.6482 2
      vertex 72.7297 57.5262 8
      vertex 72.7297 57.5262 2
    endloop
  endfacet
  facet normal 0.970012 -0.243059 0
    outer loop
      vertex 72.6514 57.2682 8
      vertex 72.6842 57.3991 2
      vertex 72.6842 57.3991 8
    endloop
  endfacet
  facet normal 0.970012 -0.243059 0
    outer loop
      vertex 72.6842 57.3991 2
      vertex 72.6514 57.2682 8
      vertex 72.6514 57.2682 2
    endloop
  endfacet
  facet normal 0.989164 -0.146817 0
    outer loop
      vertex 72.6316 57.1348 8
      vertex 72.6514 57.2682 2
      vertex 72.6514 57.2682 8
    endloop
  endfacet
  facet normal 0.989164 -0.146817 0
    outer loop
      vertex 72.6514 57.2682 2
      vertex 72.6316 57.1348 8
      vertex 72.6316 57.1348 2
    endloop
  endfacet
  facet normal 0.513841 -0.857885 0
    outer loop
      vertex 73.2361 58.1433 2
      vertex 73.3518 58.2126 8
      vertex 73.2361 58.1433 8
    endloop
  endfacet
  facet normal 0.513841 -0.857885 0
    outer loop
      vertex 73.3518 58.2126 8
      vertex 73.2361 58.1433 2
      vertex 73.3518 58.2126 2
    endloop
  endfacet
  facet normal 0.595724 -0.80319 0
    outer loop
      vertex 73.1277 58.0629 2
      vertex 73.2361 58.1433 8
      vertex 73.1277 58.0629 8
    endloop
  endfacet
  facet normal 0.595724 -0.80319 0
    outer loop
      vertex 73.2361 58.1433 8
      vertex 73.1277 58.0629 2
      vertex 73.2361 58.1433 2
    endloop
  endfacet
  facet normal 0.0489028 -0.998804 0
    outer loop
      vertex 73.8652 58.3684 2
      vertex 74 58.375 8
      vertex 73.8652 58.3684 8
    endloop
  endfacet
  facet normal 0.0489028 -0.998804 0
    outer loop
      vertex 74 58.375 8
      vertex 73.8652 58.3684 2
      vertex 74 58.375 2
    endloop
  endfacet
  facet normal 0.243059 -0.970012 0
    outer loop
      vertex 73.6009 58.3158 2
      vertex 73.7318 58.3486 8
      vertex 73.6009 58.3158 8
    endloop
  endfacet
  facet normal 0.243059 -0.970012 0
    outer loop
      vertex 73.7318 58.3486 8
      vertex 73.6009 58.3158 2
      vertex 73.7318 58.3486 2
    endloop
  endfacet
  facet normal 0.146817 -0.989164 0
    outer loop
      vertex 73.7318 58.3486 2
      vertex 73.8652 58.3684 8
      vertex 73.7318 58.3486 8
    endloop
  endfacet
  facet normal 0.146817 -0.989164 0
    outer loop
      vertex 73.8652 58.3684 8
      vertex 73.7318 58.3486 2
      vertex 73.8652 58.3684 2
    endloop
  endfacet
  facet normal -0.0489028 0.998804 0
    outer loop
      vertex 74.1348 55.6316 2
      vertex 74 55.625 8
      vertex 74.1348 55.6316 8
    endloop
  endfacet
  facet normal -0.0489028 0.998804 0
    outer loop
      vertex 74 55.625 8
      vertex 74.1348 55.6316 2
      vertex 74 55.625 2
    endloop
  endfacet
  facet normal -0.146817 0.989164 0
    outer loop
      vertex 74.2682 55.6514 2
      vertex 74.1348 55.6316 8
      vertex 74.2682 55.6514 8
    endloop
  endfacet
  facet normal -0.146817 0.989164 0
    outer loop
      vertex 74.1348 55.6316 8
      vertex 74.2682 55.6514 2
      vertex 74.1348 55.6316 2
    endloop
  endfacet
  facet normal -0.513841 0.857885 0
    outer loop
      vertex 74.7639 55.8567 2
      vertex 74.6482 55.7874 8
      vertex 74.7639 55.8567 8
    endloop
  endfacet
  facet normal -0.513841 0.857885 0
    outer loop
      vertex 74.6482 55.7874 8
      vertex 74.7639 55.8567 2
      vertex 74.6482 55.7874 2
    endloop
  endfacet
  facet normal -0.671418 0.741079 0
    outer loop
      vertex 74.9723 56.0277 2
      vertex 74.8723 55.9371 8
      vertex 74.9723 56.0277 8
    endloop
  endfacet
  facet normal -0.671418 0.741079 0
    outer loop
      vertex 74.8723 55.9371 8
      vertex 74.9723 56.0277 2
      vertex 74.8723 55.9371 2
    endloop
  endfacet
  facet normal -0.595724 0.80319 0
    outer loop
      vertex 74.8723 55.9371 2
      vertex 74.7639 55.8567 8
      vertex 74.8723 55.9371 8
    endloop
  endfacet
  facet normal -0.595724 0.80319 0
    outer loop
      vertex 74.7639 55.8567 8
      vertex 74.8723 55.9371 2
      vertex 74.7639 55.8567 2
    endloop
  endfacet
  facet normal -0.80319 0.595724 0
    outer loop
      vertex 75.0629 56.1277 2
      vertex 75.1433 56.2361 8
      vertex 75.1433 56.2361 2
    endloop
  endfacet
  facet normal -0.80319 0.595724 0
    outer loop
      vertex 75.1433 56.2361 8
      vertex 75.0629 56.1277 2
      vertex 75.0629 56.1277 8
    endloop
  endfacet
  facet normal -0.857885 0.513841 0
    outer loop
      vertex 75.1433 56.2361 2
      vertex 75.2126 56.3518 8
      vertex 75.2126 56.3518 2
    endloop
  endfacet
  facet normal -0.857885 0.513841 0
    outer loop
      vertex 75.2126 56.3518 8
      vertex 75.1433 56.2361 2
      vertex 75.1433 56.2361 8
    endloop
  endfacet
  facet normal 0.146817 0.989164 -0
    outer loop
      vertex 73.8652 55.6316 2
      vertex 73.7318 55.6514 8
      vertex 73.8652 55.6316 8
    endloop
  endfacet
  facet normal 0.146817 0.989164 0
    outer loop
      vertex 73.7318 55.6514 8
      vertex 73.8652 55.6316 2
      vertex 73.7318 55.6514 2
    endloop
  endfacet
  facet normal 0.671418 0.741079 -0
    outer loop
      vertex 73.1277 55.9371 2
      vertex 73.0277 56.0277 8
      vertex 73.1277 55.9371 8
    endloop
  endfacet
  facet normal 0.671418 0.741079 0
    outer loop
      vertex 73.0277 56.0277 8
      vertex 73.1277 55.9371 2
      vertex 73.0277 56.0277 2
    endloop
  endfacet
  facet normal 0.427545 0.903994 -0
    outer loop
      vertex 73.4738 55.7297 2
      vertex 73.3518 55.7874 8
      vertex 73.4738 55.7297 8
    endloop
  endfacet
  facet normal 0.427545 0.903994 0
    outer loop
      vertex 73.3518 55.7874 8
      vertex 73.4738 55.7297 2
      vertex 73.3518 55.7874 2
    endloop
  endfacet
  facet normal 0.0489028 0.998804 -0
    outer loop
      vertex 74 55.625 2
      vertex 73.8652 55.6316 8
      vertex 74 55.625 8
    endloop
  endfacet
  facet normal 0.0489028 0.998804 0
    outer loop
      vertex 73.8652 55.6316 8
      vertex 74 55.625 2
      vertex 73.8652 55.6316 2
    endloop
  endfacet
  facet normal 0.595724 0.80319 -0
    outer loop
      vertex 73.2361 55.8567 2
      vertex 73.1277 55.9371 8
      vertex 73.2361 55.8567 8
    endloop
  endfacet
  facet normal 0.595724 0.80319 0
    outer loop
      vertex 73.1277 55.9371 8
      vertex 73.2361 55.8567 2
      vertex 73.1277 55.9371 2
    endloop
  endfacet
  facet normal 0.903994 0.427545 0
    outer loop
      vertex 72.7874 56.3518 8
      vertex 72.7297 56.4738 2
      vertex 72.7297 56.4738 8
    endloop
  endfacet
  facet normal 0.903994 0.427545 0
    outer loop
      vertex 72.7297 56.4738 2
      vertex 72.7874 56.3518 8
      vertex 72.7874 56.3518 2
    endloop
  endfacet
  facet normal 0.857885 0.513841 0
    outer loop
      vertex 72.8567 56.2361 8
      vertex 72.7874 56.3518 2
      vertex 72.7874 56.3518 8
    endloop
  endfacet
  facet normal 0.857885 0.513841 0
    outer loop
      vertex 72.7874 56.3518 2
      vertex 72.8567 56.2361 8
      vertex 72.8567 56.2361 2
    endloop
  endfacet
  facet normal 0.998804 0.0489028 0
    outer loop
      vertex 72.6316 56.8652 8
      vertex 72.625 57 2
      vertex 72.625 57 8
    endloop
  endfacet
  facet normal 0.998804 0.0489028 0
    outer loop
      vertex 72.625 57 2
      vertex 72.6316 56.8652 8
      vertex 72.6316 56.8652 2
    endloop
  endfacet
  facet normal -0.33704 -0.94149 0
    outer loop
      vertex 74.3991 58.3158 2
      vertex 74.5262 58.2703 8
      vertex 74.3991 58.3158 8
    endloop
  endfacet
  facet normal -0.33704 -0.94149 -0
    outer loop
      vertex 74.5262 58.2703 8
      vertex 74.3991 58.3158 2
      vertex 74.5262 58.2703 2
    endloop
  endfacet
  facet normal 0.741079 -0.671418 0
    outer loop
      vertex 72.9371 57.8723 8
      vertex 73.0277 57.9723 2
      vertex 73.0277 57.9723 8
    endloop
  endfacet
  facet normal 0.741079 -0.671418 0
    outer loop
      vertex 73.0277 57.9723 2
      vertex 72.9371 57.8723 8
      vertex 72.9371 57.8723 2
    endloop
  endfacet
  facet normal 0.94149 -0.33704 0
    outer loop
      vertex 72.6842 57.3991 8
      vertex 72.7297 57.5262 2
      vertex 72.7297 57.5262 8
    endloop
  endfacet
  facet normal 0.94149 -0.33704 0
    outer loop
      vertex 72.7297 57.5262 2
      vertex 72.6842 57.3991 8
      vertex 72.6842 57.3991 2
    endloop
  endfacet
  facet normal 0.427545 -0.903994 0
    outer loop
      vertex 73.3518 58.2126 2
      vertex 73.4738 58.2703 8
      vertex 73.3518 58.2126 8
    endloop
  endfacet
  facet normal 0.427545 -0.903994 0
    outer loop
      vertex 73.4738 58.2703 8
      vertex 73.3518 58.2126 2
      vertex 73.4738 58.2703 2
    endloop
  endfacet
  facet normal -0.427545 0.903994 0
    outer loop
      vertex 74.6482 55.7874 2
      vertex 74.5262 55.7297 8
      vertex 74.6482 55.7874 8
    endloop
  endfacet
  facet normal -0.427545 0.903994 0
    outer loop
      vertex 74.5262 55.7297 8
      vertex 74.6482 55.7874 2
      vertex 74.5262 55.7297 2
    endloop
  endfacet
  facet normal -0.33704 0.94149 0
    outer loop
      vertex 74.5262 55.7297 2
      vertex 74.3991 55.6842 8
      vertex 74.5262 55.7297 8
    endloop
  endfacet
  facet normal -0.33704 0.94149 0
    outer loop
      vertex 74.3991 55.6842 8
      vertex 74.5262 55.7297 2
      vertex 74.3991 55.6842 2
    endloop
  endfacet
  facet normal -0.94149 0.33704 0
    outer loop
      vertex 75.2703 56.4738 2
      vertex 75.3158 56.6009 8
      vertex 75.3158 56.6009 2
    endloop
  endfacet
  facet normal -0.94149 0.33704 0
    outer loop
      vertex 75.3158 56.6009 8
      vertex 75.2703 56.4738 2
      vertex 75.2703 56.4738 8
    endloop
  endfacet
  facet normal -0.989164 0.146817 0
    outer loop
      vertex 75.3486 56.7318 2
      vertex 75.3684 56.8652 8
      vertex 75.3684 56.8652 2
    endloop
  endfacet
  facet normal -0.989164 0.146817 0
    outer loop
      vertex 75.3684 56.8652 8
      vertex 75.3486 56.7318 2
      vertex 75.3486 56.7318 8
    endloop
  endfacet
  facet normal -0.998804 0.0489028 0
    outer loop
      vertex 75.3684 56.8652 2
      vertex 75.375 57 8
      vertex 75.375 57 2
    endloop
  endfacet
  facet normal -0.998804 0.0489028 0
    outer loop
      vertex 75.375 57 8
      vertex 75.3684 56.8652 2
      vertex 75.3684 56.8652 8
    endloop
  endfacet
  facet normal 0.243059 0.970012 -0
    outer loop
      vertex 73.7318 55.6514 2
      vertex 73.6009 55.6842 8
      vertex 73.7318 55.6514 8
    endloop
  endfacet
  facet normal 0.243059 0.970012 0
    outer loop
      vertex 73.6009 55.6842 8
      vertex 73.7318 55.6514 2
      vertex 73.6009 55.6842 2
    endloop
  endfacet
  facet normal 0.741079 0.671418 0
    outer loop
      vertex 73.0277 56.0277 8
      vertex 72.9371 56.1277 2
      vertex 72.9371 56.1277 8
    endloop
  endfacet
  facet normal 0.741079 0.671418 0
    outer loop
      vertex 72.9371 56.1277 2
      vertex 73.0277 56.0277 8
      vertex 73.0277 56.0277 2
    endloop
  endfacet
  facet normal 0.989164 0.146817 0
    outer loop
      vertex 72.6514 56.7318 8
      vertex 72.6316 56.8652 2
      vertex 72.6316 56.8652 8
    endloop
  endfacet
  facet normal 0.989164 0.146817 0
    outer loop
      vertex 72.6316 56.8652 2
      vertex 72.6514 56.7318 8
      vertex 72.6514 56.7318 2
    endloop
  endfacet
  facet normal 0.94149 0.33704 0
    outer loop
      vertex 72.7297 56.4738 8
      vertex 72.6842 56.6009 2
      vertex 72.6842 56.6009 8
    endloop
  endfacet
  facet normal 0.94149 0.33704 0
    outer loop
      vertex 72.6842 56.6009 2
      vertex 72.7297 56.4738 8
      vertex 72.7297 56.4738 2
    endloop
  endfacet
endsolid OpenSCAD_Model
